path,label,split
/content/water_hyacinth_project/dataset/classification/water_hyacinth/_1762_augmented_image_728.jpg,water_hyacinth,train
/content/water_hyacinth_project/dataset/classification/non_water_hyacinth/_356_IMG_20230811_164408.jpg,non_water_hyacinth,train
/content/water_hyacinth_project/dataset/classification/non_water_hyacinth/_85_IMG_20230923_101512.jpg,non_water_hyacinth,train
/content/water_hyacinth_project/dataset/classification/non_water_hyacinth/_106_IMG_20230923_100915.jpg,non_water_hyacinth,train
/content/water_hyacinth_project/dataset/classification/water_hyacinth/_4939_IMG_20230805_185427.jpg,water_hyacinth,train
/content/water_hyacinth_project/dataset/classification/non_water_hyacinth/_72_IMG_20230923_100559.jpg,non_water_hyacinth,train
/content/water_hyacinth_project/dataset/classification/non_water_hyacinth/_237_20230818_114827.jpg,non_water_hyacinth,train
/content/water_hyacinth_project/dataset/classification/non_water_hyacinth/_43_20230811_211442.jpg,non_water_hyacinth,train
/content/water_hyacinth_project/dataset/classification/non_water_hyacinth/_339_augmented_image_100.jpg,non_water_hyacinth,train
/content/water_hyacinth_project/dataset/classification/non_water_hyacinth/_172_20230811_211246.jpg,non_water_hyacinth,train
/content/water_hyacinth_project/dataset/classification/non_water_hyacinth/_325_IMG_20230923_105420.jpg,non_water_hyacinth,train
/content/water_hyacinth_project/dataset/classification/non_water_hyacinth/_706_augmented_image_292.jpg,non_water_hyacinth,train
/content/water_hyacinth_project/dataset/classification/non_water_hyacinth/_1041_augmented_image_703.jpg,non_water_hyacinth,train
/content/water_hyacinth_project/dataset/classification/non_water_hyacinth/_427_20230818_115223.jpg,non_water_hyacinth,train
/content/water_hyacinth_project/dataset/classification/water_hyacinth/_1716_augmented_image_313.jpg,water_hyacinth,train
/content/water_hyacinth_project/dataset/classification/water_hyacinth/_408_IMG_20230811_173130.jpg,water_hyacinth,train
/content/water_hyacinth_project/dataset/classification/water_hyacinth/_4651_IMG_20230814_180705.jpg,water_hyacinth,train
/content/water_hyacinth_project/dataset/classification/non_water_hyacinth/_637_augmented_image_910.jpg,non_water_hyacinth,train
/content/water_hyacinth_project/dataset/classification/non_water_hyacinth/_618_augmented_image_622.jpg,non_water_hyacinth,train
/content/water_hyacinth_project/dataset/classification/non_water_hyacinth/_464_augmented_image_771.jpg,non_water_hyacinth,train
/content/water_hyacinth_project/dataset/classification/water_hyacinth/_844_augmented_image_833.jpg,water_hyacinth,train
/content/water_hyacinth_project/dataset/classification/non_water_hyacinth/_331_IMG_20230811_165310.jpg,non_water_hyacinth,train
/content/water_hyacinth_project/dataset/classification/non_water_hyacinth/_437_IMG_20230923_101052.jpg,non_water_hyacinth,train
/content/water_hyacinth_project/dataset/classification/water_hyacinth/_4864_IMG_20230811_173137.jpg,water_hyacinth,train
/content/water_hyacinth_project/dataset/classification/water_hyacinth/_171_augmented_image_508.jpg,water_hyacinth,train
/content/water_hyacinth_project/dataset/classification/non_water_hyacinth/_922_augmented_image_154.jpg,non_water_hyacinth,train
/content/water_hyacinth_project/dataset/classification/non_water_hyacinth/_327_IMG_20230814_204321.jpg,non_water_hyacinth,train
/content/water_hyacinth_project/dataset/classification/non_water_hyacinth/_15_20230811_211217.jpg,non_water_hyacinth,train
/content/water_hyacinth_project/dataset/classification/non_water_hyacinth/_409_augmented_image_647.jpg,non_water_hyacinth,train
/content/water_hyacinth_project/dataset/classification/water_hyacinth/_1786_augmented_image_361.jpg,water_hyacinth,train
/content/water_hyacinth_project/dataset/classification/non_water_hyacinth/_507_augmented_image_720.jpg,non_water_hyacinth,train
/content/water_hyacinth_project/dataset/classification/water_hyacinth/_614_augmented_image_341.jpg,water_hyacinth,train
/content/water_hyacinth_project/dataset/classification/non_water_hyacinth/_238_IMG_20230814_203242.jpg,non_water_hyacinth,train
/content/water_hyacinth_project/dataset/classification/non_water_hyacinth/_293_IMG_20230814_174954.jpg,non_water_hyacinth,train
/content/water_hyacinth_project/dataset/classification/non_water_hyacinth/_919_augmented_image_665.jpg,non_water_hyacinth,train
/content/water_hyacinth_project/dataset/classification/non_water_hyacinth/_248_IMG_20230811_164431.jpg,non_water_hyacinth,train
/content/water_hyacinth_project/dataset/classification/non_water_hyacinth/_103_IMG_20230923_111901.jpg,non_water_hyacinth,train
/content/water_hyacinth_project/dataset/classification/non_water_hyacinth/_62_augmented_image_245.jpg,non_water_hyacinth,train
/content/water_hyacinth_project/dataset/classification/non_water_hyacinth/_421_IMG_20230923_102840.jpg,non_water_hyacinth,train
/content/water_hyacinth_project/dataset/classification/water_hyacinth/_73_IMG_20230814_180629.jpg,water_hyacinth,train
/content/water_hyacinth_project/dataset/classification/non_water_hyacinth/_262_IMG_20230923_111939.jpg,non_water_hyacinth,train
/content/water_hyacinth_project/dataset/classification/non_water_hyacinth/_36_20230811_211426.jpg,non_water_hyacinth,train
/content/water_hyacinth_project/dataset/classification/non_water_hyacinth/_45_augmented_image_762.jpg,non_water_hyacinth,train
/content/water_hyacinth_project/dataset/classification/non_water_hyacinth/_284_20230818_115214.jpg,non_water_hyacinth,train
/content/water_hyacinth_project/dataset/classification/non_water_hyacinth/_271_augmented_image_382.jpg,non_water_hyacinth,train
/content/water_hyacinth_project/dataset/classification/non_water_hyacinth/_31_IMG_20230923_105806.jpg,non_water_hyacinth,train
/content/water_hyacinth_project/dataset/classification/non_water_hyacinth/_881_augmented_image_540.jpg,non_water_hyacinth,train
/content/water_hyacinth_project/dataset/classification/non_water_hyacinth/_281_IMG_20230923_112226.jpg,non_water_hyacinth,train
/content/water_hyacinth_project/dataset/classification/water_hyacinth/_4623_IMG_20230811_173141.jpg,water_hyacinth,train
/content/water_hyacinth_project/dataset/classification/non_water_hyacinth/_37_augmented_image_617.jpg,non_water_hyacinth,train
/content/water_hyacinth_project/dataset/classification/non_water_hyacinth/_879_augmented_image_307.jpg,non_water_hyacinth,train
/content/water_hyacinth_project/dataset/classification/water_hyacinth/_4756_IMG_20230811_163824.jpg,water_hyacinth,train
/content/water_hyacinth_project/dataset/classification/water_hyacinth/_1406_augmented_image_336.jpg,water_hyacinth,train
/content/water_hyacinth_project/dataset/classification/non_water_hyacinth/_430_IMG_20230923_100858.jpg,non_water_hyacinth,train
/content/water_hyacinth_project/dataset/classification/water_hyacinth/_216_IMG_20230805_183105.jpg,water_hyacinth,train
/content/water_hyacinth_project/dataset/classification/non_water_hyacinth/_582_augmented_image_428.jpg,non_water_hyacinth,train
/content/water_hyacinth_project/dataset/classification/non_water_hyacinth/_92_20230811_211438(0).jpg,non_water_hyacinth,train
/content/water_hyacinth_project/dataset/classification/water_hyacinth/_1175_augmented_image_706.jpg,water_hyacinth,train
/content/water_hyacinth_project/dataset/classification/non_water_hyacinth/_330_IMG_20230811_170356_1.jpg,non_water_hyacinth,train
/content/water_hyacinth_project/dataset/classification/non_water_hyacinth/_145_augmented_image_741.jpg,non_water_hyacinth,train
/content/water_hyacinth_project/dataset/classification/non_water_hyacinth/_832_augmented_image_962.jpg,non_water_hyacinth,train
/content/water_hyacinth_project/dataset/classification/non_water_hyacinth/_146_augmented_image_680.jpg,non_water_hyacinth,train
/content/water_hyacinth_project/dataset/classification/non_water_hyacinth/_398_20230818_115110.jpg,non_water_hyacinth,train
/content/water_hyacinth_project/dataset/classification/non_water_hyacinth/_124_IMG_20230923_101432.jpg,non_water_hyacinth,train
/content/water_hyacinth_project/dataset/classification/non_water_hyacinth/_373_augmented_image_566.jpg,non_water_hyacinth,train
/content/water_hyacinth_project/dataset/classification/non_water_hyacinth/_316_IMG_20230814_203124.jpg,non_water_hyacinth,train
/content/water_hyacinth_project/dataset/classification/non_water_hyacinth/_59_IMG_20230811_170215.jpg,non_water_hyacinth,train
/content/water_hyacinth_project/dataset/classification/non_water_hyacinth/_51_IMG_20230923_105505.jpg,non_water_hyacinth,train
/content/water_hyacinth_project/dataset/classification/water_hyacinth/_1860_augmented_image_22.jpg,water_hyacinth,train
/content/water_hyacinth_project/dataset/classification/non_water_hyacinth/_181_augmented_image_269.jpg,non_water_hyacinth,train
/content/water_hyacinth_project/dataset/classification/water_hyacinth/_413_IMG_20230811_165446.jpg,water_hyacinth,train
/content/water_hyacinth_project/dataset/classification/non_water_hyacinth/_393_augmented_image_554.jpg,non_water_hyacinth,train
/content/water_hyacinth_project/dataset/classification/water_hyacinth/_1670_augmented_image_252.jpg,water_hyacinth,train
/content/water_hyacinth_project/dataset/classification/non_water_hyacinth/_578_augmented_image_398.jpg,non_water_hyacinth,train
/content/water_hyacinth_project/dataset/classification/water_hyacinth/_1861_augmented_image_867.jpg,water_hyacinth,train
/content/water_hyacinth_project/dataset/classification/non_water_hyacinth/_0_IMG_20230923_105929.jpg,non_water_hyacinth,train
/content/water_hyacinth_project/dataset/classification/water_hyacinth/_1603_augmented_image_323.jpg,water_hyacinth,train
/content/water_hyacinth_project/dataset/classification/water_hyacinth/_333_IMG_20230814_180617.jpg,water_hyacinth,train
/content/water_hyacinth_project/dataset/classification/water_hyacinth/_1744_augmented_image_749.jpg,water_hyacinth,train
/content/water_hyacinth_project/dataset/classification/water_hyacinth/_1597_augmented_image_562.jpg,water_hyacinth,train
/content/water_hyacinth_project/dataset/classification/non_water_hyacinth/_895_augmented_image_689.jpg,non_water_hyacinth,train
/content/water_hyacinth_project/dataset/classification/non_water_hyacinth/_986_augmented_image_840.jpg,non_water_hyacinth,train
/content/water_hyacinth_project/dataset/classification/water_hyacinth/_1858_augmented_image_827.jpg,water_hyacinth,train
/content/water_hyacinth_project/dataset/classification/non_water_hyacinth/_30_20230818_113254.jpg,non_water_hyacinth,train
/content/water_hyacinth_project/dataset/classification/non_water_hyacinth/_253_augmented_image_343.jpg,non_water_hyacinth,train
/content/water_hyacinth_project/dataset/classification/water_hyacinth/_1109_augmented_image_464.jpg,water_hyacinth,train
/content/water_hyacinth_project/dataset/classification/non_water_hyacinth/_489_augmented_image_200.jpg,non_water_hyacinth,train
/content/water_hyacinth_project/dataset/classification/non_water_hyacinth/_411_20230818_115109.jpg,non_water_hyacinth,train
/content/water_hyacinth_project/dataset/classification/non_water_hyacinth/_173_IMG_20230811_164403.jpg,non_water_hyacinth,train
/content/water_hyacinth_project/dataset/classification/non_water_hyacinth/_66_augmented_image_620.jpg,non_water_hyacinth,train
/content/water_hyacinth_project/dataset/classification/water_hyacinth/_68_augmented_image_812.jpg,water_hyacinth,train
/content/water_hyacinth_project/dataset/classification/non_water_hyacinth/_383_20230818_113853.jpg,non_water_hyacinth,train
/content/water_hyacinth_project/dataset/classification/water_hyacinth/_1177_augmented_image_719.jpg,water_hyacinth,train
/content/water_hyacinth_project/dataset/classification/water_hyacinth/_835_augmented_image_307.jpg,water_hyacinth,train
/content/water_hyacinth_project/dataset/classification/non_water_hyacinth/_14_augmented_image_141.jpg,non_water_hyacinth,train
/content/water_hyacinth_project/dataset/classification/non_water_hyacinth/_296_augmented_image_145.jpg,non_water_hyacinth,train
/content/water_hyacinth_project/dataset/classification/non_water_hyacinth/_259_IMG_20230923_112051.jpg,non_water_hyacinth,train
/content/water_hyacinth_project/dataset/classification/water_hyacinth/_107_IMG_20230814_210424.jpg,water_hyacinth,train
/content/water_hyacinth_project/dataset/classification/non_water_hyacinth/_540_augmented_image_56.jpg,non_water_hyacinth,train
/content/water_hyacinth_project/dataset/classification/water_hyacinth/_1305_augmented_image_408.jpg,water_hyacinth,train
/content/water_hyacinth_project/dataset/classification/non_water_hyacinth/_940_augmented_image_399.jpg,non_water_hyacinth,train
/content/water_hyacinth_project/dataset/classification/non_water_hyacinth/_819_augmented_image_798.jpg,non_water_hyacinth,train
/content/water_hyacinth_project/dataset/classification/non_water_hyacinth/_392_IMG_20230923_111813.jpg,non_water_hyacinth,train
/content/water_hyacinth_project/dataset/classification/non_water_hyacinth/_101_IMG_20230811_163656.jpg,non_water_hyacinth,train
/content/water_hyacinth_project/dataset/classification/non_water_hyacinth/_588_augmented_image_854.jpg,non_water_hyacinth,train
/content/water_hyacinth_project/dataset/classification/non_water_hyacinth/_134_IMG_20230923_111619.jpg,non_water_hyacinth,train
/content/water_hyacinth_project/dataset/classification/non_water_hyacinth/_341_20230818_115148.jpg,non_water_hyacinth,train
/content/water_hyacinth_project/dataset/classification/non_water_hyacinth/_327_IMG_20230811_164435.jpg,non_water_hyacinth,train
/content/water_hyacinth_project/dataset/classification/non_water_hyacinth/_12_IMG_20230926_173520.jpg,non_water_hyacinth,train
/content/water_hyacinth_project/dataset/classification/non_water_hyacinth/_916_augmented_image_494.jpg,non_water_hyacinth,train
/content/water_hyacinth_project/dataset/classification/non_water_hyacinth/_336_IMG_20230811_170231.jpg,non_water_hyacinth,train
/content/water_hyacinth_project/dataset/classification/non_water_hyacinth/_349_augmented_image_642.jpg,non_water_hyacinth,train
/content/water_hyacinth_project/dataset/classification/non_water_hyacinth/_173_20230818_113304.jpg,non_water_hyacinth,train
/content/water_hyacinth_project/dataset/classification/non_water_hyacinth/_439_IMG_20230926_173159.jpg,non_water_hyacinth,train
/content/water_hyacinth_project/dataset/classification/non_water_hyacinth/_384_augmented_image_50.jpg,non_water_hyacinth,train
/content/water_hyacinth_project/dataset/classification/water_hyacinth/_326_IMG_20230805_185412.jpg,water_hyacinth,train
/content/water_hyacinth_project/dataset/classification/non_water_hyacinth/_569_augmented_image_163.jpg,non_water_hyacinth,train
/content/water_hyacinth_project/dataset/classification/non_water_hyacinth/_114_IMG_20230923_112156.jpg,non_water_hyacinth,train
/content/water_hyacinth_project/dataset/classification/non_water_hyacinth/_868_augmented_image_950.jpg,non_water_hyacinth,train
/content/water_hyacinth_project/dataset/classification/non_water_hyacinth/_70_IMG_20230811_165419.jpg,non_water_hyacinth,train
/content/water_hyacinth_project/dataset/classification/non_water_hyacinth/_190_IMG_20230814_175911.jpg,non_water_hyacinth,train
/content/water_hyacinth_project/dataset/classification/water_hyacinth/_1214_augmented_image_335.jpg,water_hyacinth,train
/content/water_hyacinth_project/dataset/classification/water_hyacinth/_977_augmented_image_137.jpg,water_hyacinth,train
/content/water_hyacinth_project/dataset/classification/non_water_hyacinth/_129_augmented_image_190.jpg,non_water_hyacinth,train
/content/water_hyacinth_project/dataset/classification/water_hyacinth/_1676_augmented_image_312.jpg,water_hyacinth,train
/content/water_hyacinth_project/dataset/classification/non_water_hyacinth/_325_IMG_20230814_205550.jpg,non_water_hyacinth,train
/content/water_hyacinth_project/dataset/classification/non_water_hyacinth/_24_augmented_image_960.jpg,non_water_hyacinth,train
/content/water_hyacinth_project/dataset/classification/non_water_hyacinth/_324_IMG_20230926_172757.jpg,non_water_hyacinth,train
/content/water_hyacinth_project/dataset/classification/non_water_hyacinth/_289_augmented_image_963.jpg,non_water_hyacinth,train
/content/water_hyacinth_project/dataset/classification/non_water_hyacinth/_764_augmented_image_632.jpg,non_water_hyacinth,train
/content/water_hyacinth_project/dataset/classification/non_water_hyacinth/_176_20230812_113832.jpg,non_water_hyacinth,train
/content/water_hyacinth_project/dataset/classification/non_water_hyacinth/_111_augmented_image_657.jpg,non_water_hyacinth,train
/content/water_hyacinth_project/dataset/classification/non_water_hyacinth/_445_IMG_20230923_112057.jpg,non_water_hyacinth,train
/content/water_hyacinth_project/dataset/classification/non_water_hyacinth/_321_IMG_20230923_105320.jpg,non_water_hyacinth,train
/content/water_hyacinth_project/dataset/classification/water_hyacinth/_4684_IMG_20230811_165457.jpg,water_hyacinth,train
/content/water_hyacinth_project/dataset/classification/non_water_hyacinth/_907_augmented_image_867.jpg,non_water_hyacinth,train
/content/water_hyacinth_project/dataset/classification/non_water_hyacinth/_435_20230818_114810.jpg,non_water_hyacinth,train
/content/water_hyacinth_project/dataset/classification/non_water_hyacinth/_889_augmented_image_294.jpg,non_water_hyacinth,train
/content/water_hyacinth_project/dataset/classification/non_water_hyacinth/_367_IMG_20230923_105838.jpg,non_water_hyacinth,train
/content/water_hyacinth_project/dataset/classification/non_water_hyacinth/_917_augmented_image_383.jpg,non_water_hyacinth,train
/content/water_hyacinth_project/dataset/classification/non_water_hyacinth/_257_augmented_image_349.jpg,non_water_hyacinth,train
/content/water_hyacinth_project/dataset/classification/water_hyacinth/_268_IMG_20230814_180628_1.jpg,water_hyacinth,train
/content/water_hyacinth_project/dataset/classification/non_water_hyacinth/_98_IMG_20230923_111934.jpg,non_water_hyacinth,train
/content/water_hyacinth_project/dataset/classification/water_hyacinth/_1961_augmented_image_422.jpg,water_hyacinth,train
/content/water_hyacinth_project/dataset/classification/non_water_hyacinth/_66_IMG_20230811_164551.jpg,non_water_hyacinth,train
/content/water_hyacinth_project/dataset/classification/non_water_hyacinth/_277_augmented_image_406.jpg,non_water_hyacinth,train
/content/water_hyacinth_project/dataset/classification/non_water_hyacinth/_123_augmented_image_530.jpg,non_water_hyacinth,train
/content/water_hyacinth_project/dataset/classification/water_hyacinth/_1476_augmented_image_707.jpg,water_hyacinth,train
/content/water_hyacinth_project/dataset/classification/non_water_hyacinth/_132_IMG_20230923_110953.jpg,non_water_hyacinth,train
/content/water_hyacinth_project/dataset/classification/non_water_hyacinth/_228_IMG_20230923_111948.jpg,non_water_hyacinth,train
/content/water_hyacinth_project/dataset/classification/water_hyacinth/_440_IMG_20230804_090616.jpg,water_hyacinth,train
/content/water_hyacinth_project/dataset/classification/non_water_hyacinth/_25_20230812_114122.jpg,non_water_hyacinth,train
/content/water_hyacinth_project/dataset/classification/water_hyacinth/_4602_IMG_20230804_090351.jpg,water_hyacinth,train
/content/water_hyacinth_project/dataset/classification/non_water_hyacinth/_133_IMG_20230923_102952.jpg,non_water_hyacinth,train
/content/water_hyacinth_project/dataset/classification/non_water_hyacinth/_311_augmented_image_418.jpg,non_water_hyacinth,train
/content/water_hyacinth_project/dataset/classification/water_hyacinth/_4947_IMG_20230811_171923.jpg,water_hyacinth,train
/content/water_hyacinth_project/dataset/classification/non_water_hyacinth/_878_augmented_image_47.jpg,non_water_hyacinth,train
/content/water_hyacinth_project/dataset/classification/non_water_hyacinth/_18_IMG_20230926_173724.jpg,non_water_hyacinth,train
/content/water_hyacinth_project/dataset/classification/water_hyacinth/_4700_IMG_20230805_183448.jpg,water_hyacinth,train
/content/water_hyacinth_project/dataset/classification/water_hyacinth/_968_augmented_image_861.jpg,water_hyacinth,train
/content/water_hyacinth_project/dataset/classification/non_water_hyacinth/_778_augmented_image_695.jpg,non_water_hyacinth,train
/content/water_hyacinth_project/dataset/classification/non_water_hyacinth/_257_20230811_211344.jpg,non_water_hyacinth,train
/content/water_hyacinth_project/dataset/classification/water_hyacinth/_123_augmented_image_530.jpg,water_hyacinth,train
/content/water_hyacinth_project/dataset/classification/water_hyacinth/_1346_augmented_image_204.jpg,water_hyacinth,train
/content/water_hyacinth_project/dataset/classification/non_water_hyacinth/_588_augmented_image_975.jpg,non_water_hyacinth,train
/content/water_hyacinth_project/dataset/classification/non_water_hyacinth/_203_IMG_20230923_105707_1.jpg,non_water_hyacinth,train
/content/water_hyacinth_project/dataset/classification/water_hyacinth/_1080_augmented_image_920.jpg,water_hyacinth,train
/content/water_hyacinth_project/dataset/classification/water_hyacinth/_1410_augmented_image_757.jpg,water_hyacinth,train
/content/water_hyacinth_project/dataset/classification/non_water_hyacinth/_156_IMG_20230926_173423.jpg,non_water_hyacinth,train
/content/water_hyacinth_project/dataset/classification/non_water_hyacinth/_970_augmented_image_516.jpg,non_water_hyacinth,train
/content/water_hyacinth_project/dataset/classification/water_hyacinth/_4582_IMG_20230811_173117.jpg,water_hyacinth,train
/content/water_hyacinth_project/dataset/classification/water_hyacinth/_4641_IMG_20230805_184928.jpg,water_hyacinth,train
/content/water_hyacinth_project/dataset/classification/water_hyacinth/_343_IMG_20230814_210703.jpg,water_hyacinth,train
/content/water_hyacinth_project/dataset/classification/water_hyacinth/_4801_IMG_20230805_183603.jpg,water_hyacinth,train
/content/water_hyacinth_project/dataset/classification/non_water_hyacinth/_491_augmented_image_176.jpg,non_water_hyacinth,train
/content/water_hyacinth_project/dataset/classification/non_water_hyacinth/_343_IMG_20230923_111646.jpg,non_water_hyacinth,train
/content/water_hyacinth_project/dataset/classification/water_hyacinth/_296_IMG_20230811_173116.jpg,water_hyacinth,train
/content/water_hyacinth_project/dataset/classification/non_water_hyacinth/_492_augmented_image_259.jpg,non_water_hyacinth,train
/content/water_hyacinth_project/dataset/classification/non_water_hyacinth/_379_augmented_image_300.jpg,non_water_hyacinth,train
/content/water_hyacinth_project/dataset/classification/non_water_hyacinth/_893_augmented_image_1001.jpg,non_water_hyacinth,train
/content/water_hyacinth_project/dataset/classification/water_hyacinth/_35_IMG_20230805_185010.jpg,water_hyacinth,train
/content/water_hyacinth_project/dataset/classification/water_hyacinth/_791_augmented_image_60.jpg,water_hyacinth,train
/content/water_hyacinth_project/dataset/classification/non_water_hyacinth/_92_IMG_20230814_203926.jpg,non_water_hyacinth,train
/content/water_hyacinth_project/dataset/classification/non_water_hyacinth/_85_augmented_image_150.jpg,non_water_hyacinth,train
/content/water_hyacinth_project/dataset/classification/non_water_hyacinth/_85_IMG_20230926_173456.jpg,non_water_hyacinth,train
/content/water_hyacinth_project/dataset/classification/water_hyacinth/_949_augmented_image_786.jpg,water_hyacinth,train
/content/water_hyacinth_project/dataset/classification/non_water_hyacinth/_943_augmented_image_886.jpg,non_water_hyacinth,train
/content/water_hyacinth_project/dataset/classification/non_water_hyacinth/_118_augmented_image_547.jpg,non_water_hyacinth,train
/content/water_hyacinth_project/dataset/classification/non_water_hyacinth/_407_augmented_image_737.jpg,non_water_hyacinth,train
/content/water_hyacinth_project/dataset/classification/water_hyacinth/_4560_IMG_20230805_184520.jpg,water_hyacinth,train
/content/water_hyacinth_project/dataset/classification/water_hyacinth/_299_augmented_image_864.jpg,water_hyacinth,train
/content/water_hyacinth_project/dataset/classification/water_hyacinth/_692_augmented_image_988.jpg,water_hyacinth,train
/content/water_hyacinth_project/dataset/classification/water_hyacinth/_363_augmented_image_574.jpg,water_hyacinth,train
/content/water_hyacinth_project/dataset/classification/non_water_hyacinth/_579_augmented_image_688.jpg,non_water_hyacinth,train
/content/water_hyacinth_project/dataset/classification/non_water_hyacinth/_18_augmented_image_560.jpg,non_water_hyacinth,train
/content/water_hyacinth_project/dataset/classification/non_water_hyacinth/_351_20230818_113902.jpg,non_water_hyacinth,train
/content/water_hyacinth_project/dataset/classification/non_water_hyacinth/_248_augmented_image_197.jpg,non_water_hyacinth,train
/content/water_hyacinth_project/dataset/classification/non_water_hyacinth/_41_IMG_20230923_110923.jpg,non_water_hyacinth,train
/content/water_hyacinth_project/dataset/classification/water_hyacinth/_1677_augmented_image_127.jpg,water_hyacinth,train
/content/water_hyacinth_project/dataset/classification/water_hyacinth/_4895_IMG_20230814_180737.jpg,water_hyacinth,train
/content/water_hyacinth_project/dataset/classification/water_hyacinth/_199_IMG_20230805_183409.jpg,water_hyacinth,train
/content/water_hyacinth_project/dataset/classification/non_water_hyacinth/_873_augmented_image_794.jpg,non_water_hyacinth,train
/content/water_hyacinth_project/dataset/classification/non_water_hyacinth/_482_augmented_image_333.jpg,non_water_hyacinth,train
/content/water_hyacinth_project/dataset/classification/water_hyacinth/_1379_augmented_image_300.jpg,water_hyacinth,train
/content/water_hyacinth_project/dataset/classification/non_water_hyacinth/_344_IMG_20230814_174225.jpg,non_water_hyacinth,train
/content/water_hyacinth_project/dataset/classification/non_water_hyacinth/_75_augmented_image_504.jpg,non_water_hyacinth,train
/content/water_hyacinth_project/dataset/classification/water_hyacinth/_498_augmented_image_468.jpg,water_hyacinth,train
/content/water_hyacinth_project/dataset/classification/water_hyacinth/_263_augmented_image_67.jpg,water_hyacinth,train
/content/water_hyacinth_project/dataset/classification/non_water_hyacinth/_608_augmented_image_280.jpg,non_water_hyacinth,train
/content/water_hyacinth_project/dataset/classification/non_water_hyacinth/_426_augmented_image_465.jpg,non_water_hyacinth,train
/content/water_hyacinth_project/dataset/classification/water_hyacinth/_4561_IMG_20230811_171922.jpg,water_hyacinth,train
/content/water_hyacinth_project/dataset/classification/non_water_hyacinth/_7_augmented_image_847.jpg,non_water_hyacinth,train
/content/water_hyacinth_project/dataset/classification/non_water_hyacinth/_387_augmented_image_479.jpg,non_water_hyacinth,train
/content/water_hyacinth_project/dataset/classification/non_water_hyacinth/_254_IMG_20230814_174934.jpg,non_water_hyacinth,train
/content/water_hyacinth_project/dataset/classification/water_hyacinth/_1705_augmented_image_273.jpg,water_hyacinth,train
/content/water_hyacinth_project/dataset/classification/water_hyacinth/_456_IMG_20230805_184556.jpg,water_hyacinth,train
/content/water_hyacinth_project/dataset/classification/non_water_hyacinth/_151_augmented_image_671.jpg,non_water_hyacinth,train
/content/water_hyacinth_project/dataset/classification/non_water_hyacinth/_486_augmented_image_19.jpg,non_water_hyacinth,train
/content/water_hyacinth_project/dataset/classification/non_water_hyacinth/_1026_augmented_image_1031.jpg,non_water_hyacinth,train
/content/water_hyacinth_project/dataset/classification/non_water_hyacinth/_444_20230818_113833.jpg,non_water_hyacinth,train
/content/water_hyacinth_project/dataset/classification/non_water_hyacinth/_29_augmented_image_339.jpg,non_water_hyacinth,train
/content/water_hyacinth_project/dataset/classification/water_hyacinth/_4795_IMG_20230814_180548.jpg,water_hyacinth,train
/content/water_hyacinth_project/dataset/classification/water_hyacinth/_4652_20230812_114929 Background Removed.jpg,water_hyacinth,train
/content/water_hyacinth_project/dataset/classification/water_hyacinth/_378_IMG_20230805_184606.jpg,water_hyacinth,train
/content/water_hyacinth_project/dataset/classification/water_hyacinth/_1879_augmented_image_645.jpg,water_hyacinth,train
/content/water_hyacinth_project/dataset/classification/non_water_hyacinth/_791_augmented_image_60.jpg,non_water_hyacinth,train
/content/water_hyacinth_project/dataset/classification/non_water_hyacinth/_354_augmented_image_964.jpg,non_water_hyacinth,train
/content/water_hyacinth_project/dataset/classification/non_water_hyacinth/_797_augmented_image_638.jpg,non_water_hyacinth,train
/content/water_hyacinth_project/dataset/classification/non_water_hyacinth/_202_IMG_20230814_203918.jpg,non_water_hyacinth,train
/content/water_hyacinth_project/dataset/classification/non_water_hyacinth/_749_augmented_image_214.jpg,non_water_hyacinth,train
/content/water_hyacinth_project/dataset/classification/water_hyacinth/_269_augmented_image_751.jpg,water_hyacinth,train
/content/water_hyacinth_project/dataset/classification/non_water_hyacinth/_439_augmented_image_852.jpg,non_water_hyacinth,train
/content/water_hyacinth_project/dataset/classification/water_hyacinth/_431_IMG_20230811_173133.jpg,water_hyacinth,train
/content/water_hyacinth_project/dataset/classification/non_water_hyacinth/_414_augmented_image_347.jpg,non_water_hyacinth,train
/content/water_hyacinth_project/dataset/classification/non_water_hyacinth/_961_augmented_image_422.jpg,non_water_hyacinth,train
/content/water_hyacinth_project/dataset/classification/non_water_hyacinth/_727_augmented_image_684.jpg,non_water_hyacinth,train
/content/water_hyacinth_project/dataset/classification/non_water_hyacinth/_402_augmented_image_1027.jpg,non_water_hyacinth,train
/content/water_hyacinth_project/dataset/classification/non_water_hyacinth/_424_augmented_image_284.jpg,non_water_hyacinth,train
/content/water_hyacinth_project/dataset/classification/non_water_hyacinth/_231_IMG_20230923_101125.jpg,non_water_hyacinth,train
/content/water_hyacinth_project/dataset/classification/non_water_hyacinth/_615_augmented_image_459.jpg,non_water_hyacinth,train
/content/water_hyacinth_project/dataset/classification/non_water_hyacinth/_201_IMG_20230923_112321.jpg,non_water_hyacinth,train
/content/water_hyacinth_project/dataset/classification/water_hyacinth/_1960_augmented_image_10.jpg,water_hyacinth,train
/content/water_hyacinth_project/dataset/classification/non_water_hyacinth/_418_IMG_20230811_165335_1.jpg,non_water_hyacinth,train
/content/water_hyacinth_project/dataset/classification/non_water_hyacinth/_303_augmented_image_83.jpg,non_water_hyacinth,train
/content/water_hyacinth_project/dataset/classification/non_water_hyacinth/_113_augmented_image_427.jpg,non_water_hyacinth,train
/content/water_hyacinth_project/dataset/classification/non_water_hyacinth/_433_augmented_image_839.jpg,non_water_hyacinth,train
/content/water_hyacinth_project/dataset/classification/water_hyacinth/_1668_augmented_image_46.jpg,water_hyacinth,train
/content/water_hyacinth_project/dataset/classification/non_water_hyacinth/_295_20230818_115251.jpg,non_water_hyacinth,train
/content/water_hyacinth_project/dataset/classification/non_water_hyacinth/_672_augmented_image_917.jpg,non_water_hyacinth,train
/content/water_hyacinth_project/dataset/classification/non_water_hyacinth/_559_augmented_image_242.jpg,non_water_hyacinth,train
/content/water_hyacinth_project/dataset/classification/non_water_hyacinth/_69_augmented_image_473.jpg,non_water_hyacinth,train
/content/water_hyacinth_project/dataset/classification/non_water_hyacinth/_300_IMG_20230923_112322.jpg,non_water_hyacinth,train
/content/water_hyacinth_project/dataset/classification/non_water_hyacinth/_167_IMG_20230923_111923.jpg,non_water_hyacinth,train
/content/water_hyacinth_project/dataset/classification/non_water_hyacinth/_616_augmented_image_854.jpg,non_water_hyacinth,train
/content/water_hyacinth_project/dataset/classification/water_hyacinth/_237_augmented_image_640.jpg,water_hyacinth,train
/content/water_hyacinth_project/dataset/classification/water_hyacinth/_1942_augmented_image_96.jpg,water_hyacinth,train
/content/water_hyacinth_project/dataset/classification/water_hyacinth/_471_augmented_image_584.jpg,water_hyacinth,train
/content/water_hyacinth_project/dataset/classification/non_water_hyacinth/_132_IMG_20230811_165321.jpg,non_water_hyacinth,train
/content/water_hyacinth_project/dataset/classification/water_hyacinth/_1957_augmented_image_986.jpg,water_hyacinth,train
/content/water_hyacinth_project/dataset/classification/water_hyacinth/_176_IMG_20230814_180656.jpg,water_hyacinth,train
/content/water_hyacinth_project/dataset/classification/water_hyacinth/_288_augmented_image_83.jpg,water_hyacinth,train
/content/water_hyacinth_project/dataset/classification/non_water_hyacinth/_27_augmented_image_170.jpg,non_water_hyacinth,train
/content/water_hyacinth_project/dataset/classification/water_hyacinth/_975_augmented_image_811.jpg,water_hyacinth,train
/content/water_hyacinth_project/dataset/classification/water_hyacinth/_798_augmented_image_201.jpg,water_hyacinth,train
/content/water_hyacinth_project/dataset/classification/non_water_hyacinth/_750_augmented_image_860.jpg,non_water_hyacinth,train
/content/water_hyacinth_project/dataset/classification/non_water_hyacinth/_267_augmented_image_803.jpg,non_water_hyacinth,train
/content/water_hyacinth_project/dataset/classification/non_water_hyacinth/_247_augmented_image_224.jpg,non_water_hyacinth,train
/content/water_hyacinth_project/dataset/classification/water_hyacinth/_737_augmented_image_257.jpg,water_hyacinth,train
/content/water_hyacinth_project/dataset/classification/non_water_hyacinth/_84_augmented_image_480.jpg,non_water_hyacinth,train
/content/water_hyacinth_project/dataset/classification/non_water_hyacinth/_267_IMG_20230923_105435.jpg,non_water_hyacinth,train
/content/water_hyacinth_project/dataset/classification/water_hyacinth/_1304_augmented_image_723.jpg,water_hyacinth,train
/content/water_hyacinth_project/dataset/classification/water_hyacinth/_1294_augmented_image_715.jpg,water_hyacinth,train
/content/water_hyacinth_project/dataset/classification/non_water_hyacinth/_571_augmented_image_363.jpg,non_water_hyacinth,train
/content/water_hyacinth_project/dataset/classification/water_hyacinth/_200_IMG_20230805_184941.jpg,water_hyacinth,train
/content/water_hyacinth_project/dataset/classification/non_water_hyacinth/_335_IMG_20230923_101240.jpg,non_water_hyacinth,train
/content/water_hyacinth_project/dataset/classification/water_hyacinth/_4656_IMG_20230805_183712.jpg,water_hyacinth,train
/content/water_hyacinth_project/dataset/classification/non_water_hyacinth/_883_augmented_image_643.jpg,non_water_hyacinth,train
/content/water_hyacinth_project/dataset/classification/non_water_hyacinth/_33_augmented_image_30.jpg,non_water_hyacinth,train
/content/water_hyacinth_project/dataset/classification/non_water_hyacinth/_390_IMG_20230923_110112.jpg,non_water_hyacinth,train
/content/water_hyacinth_project/dataset/classification/non_water_hyacinth/_366_augmented_image_510.jpg,non_water_hyacinth,train
/content/water_hyacinth_project/dataset/classification/water_hyacinth/_928_augmented_image_664.jpg,water_hyacinth,train
/content/water_hyacinth_project/dataset/classification/non_water_hyacinth/_509_augmented_image_612.jpg,non_water_hyacinth,train
/content/water_hyacinth_project/dataset/classification/non_water_hyacinth/_384_IMG_20230814_204945.jpg,non_water_hyacinth,train
/content/water_hyacinth_project/dataset/classification/non_water_hyacinth/_126_IMG_20230923_103018.jpg,non_water_hyacinth,train
/content/water_hyacinth_project/dataset/classification/non_water_hyacinth/_399_augmented_image_682.jpg,non_water_hyacinth,train
/content/water_hyacinth_project/dataset/classification/non_water_hyacinth/_784_augmented_image_442.jpg,non_water_hyacinth,train
/content/water_hyacinth_project/dataset/classification/non_water_hyacinth/_201_augmented_image_315.jpg,non_water_hyacinth,train
/content/water_hyacinth_project/dataset/classification/non_water_hyacinth/_470_IMG_20230811_163639.jpg,non_water_hyacinth,train
/content/water_hyacinth_project/dataset/classification/non_water_hyacinth/_681_augmented_image_613.jpg,non_water_hyacinth,train
/content/water_hyacinth_project/dataset/classification/non_water_hyacinth/_362_IMG_20230814_203458.jpg,non_water_hyacinth,train
/content/water_hyacinth_project/dataset/classification/non_water_hyacinth/_478_augmented_image_697.jpg,non_water_hyacinth,train
/content/water_hyacinth_project/dataset/classification/non_water_hyacinth/_64_IMG_20230814_203447.jpg,non_water_hyacinth,train
/content/water_hyacinth_project/dataset/classification/non_water_hyacinth/_803_augmented_image_325.jpg,non_water_hyacinth,train
/content/water_hyacinth_project/dataset/classification/non_water_hyacinth/_272_IMG_20230814_203803.jpg,non_water_hyacinth,train
/content/water_hyacinth_project/dataset/classification/non_water_hyacinth/_310_IMG_20230811_164455.jpg,non_water_hyacinth,train
/content/water_hyacinth_project/dataset/classification/water_hyacinth/_4983_IMG_20230805_183358.jpg,water_hyacinth,train
/content/water_hyacinth_project/dataset/classification/water_hyacinth/_1846_augmented_image_681.jpg,water_hyacinth,train
/content/water_hyacinth_project/dataset/classification/non_water_hyacinth/_135_IMG_20230923_105814.jpg,non_water_hyacinth,train
/content/water_hyacinth_project/dataset/classification/non_water_hyacinth/_581_augmented_image_1012.jpg,non_water_hyacinth,train
/content/water_hyacinth_project/dataset/classification/non_water_hyacinth/_1004_augmented_image_377.jpg,non_water_hyacinth,train
/content/water_hyacinth_project/dataset/classification/non_water_hyacinth/_243_IMG_20230926_173110.jpg,non_water_hyacinth,train
/content/water_hyacinth_project/dataset/classification/non_water_hyacinth/_313_augmented_image_528.jpg,non_water_hyacinth,train
/content/water_hyacinth_project/dataset/classification/non_water_hyacinth/_664_augmented_image_948.jpg,non_water_hyacinth,train
/content/water_hyacinth_project/dataset/classification/water_hyacinth/_1721_augmented_image_72.jpg,water_hyacinth,train
/content/water_hyacinth_project/dataset/classification/water_hyacinth/_1073_augmented_image_853.jpg,water_hyacinth,train
/content/water_hyacinth_project/dataset/classification/non_water_hyacinth/_149_20230818_115040.jpg,non_water_hyacinth,train
/content/water_hyacinth_project/dataset/classification/non_water_hyacinth/_999_augmented_image_448.jpg,non_water_hyacinth,train
/content/water_hyacinth_project/dataset/classification/non_water_hyacinth/_97_IMG_20230811_170819.jpg,non_water_hyacinth,train
/content/water_hyacinth_project/dataset/classification/non_water_hyacinth/_254_augmented_image_372.jpg,non_water_hyacinth,train
/content/water_hyacinth_project/dataset/classification/water_hyacinth/_255_IMG_20230805_183521.jpg,water_hyacinth,train
/content/water_hyacinth_project/dataset/classification/non_water_hyacinth/_864_augmented_image_189.jpg,non_water_hyacinth,train
/content/water_hyacinth_project/dataset/classification/non_water_hyacinth/_450_IMG_20230814_203215.jpg,non_water_hyacinth,train
/content/water_hyacinth_project/dataset/classification/non_water_hyacinth/_192_augmented_image_58.jpg,non_water_hyacinth,train
/content/water_hyacinth_project/dataset/classification/water_hyacinth/_1924_augmented_image_116.jpg,water_hyacinth,train
/content/water_hyacinth_project/dataset/classification/water_hyacinth/_323_IMG_20230805_183747.jpg,water_hyacinth,train
/content/water_hyacinth_project/dataset/classification/non_water_hyacinth/_40_augmented_image_456.jpg,non_water_hyacinth,train
/content/water_hyacinth_project/dataset/classification/non_water_hyacinth/_244_IMG_20230811_164501.jpg,non_water_hyacinth,train
/content/water_hyacinth_project/dataset/classification/non_water_hyacinth/_451_augmented_image_18.jpg,non_water_hyacinth,train
/content/water_hyacinth_project/dataset/classification/non_water_hyacinth/_281_IMG_20230814_204933.jpg,non_water_hyacinth,train
/content/water_hyacinth_project/dataset/classification/non_water_hyacinth/_228_augmented_image_6.jpg,non_water_hyacinth,train
/content/water_hyacinth_project/dataset/classification/non_water_hyacinth/_924_augmented_image_47.jpg,non_water_hyacinth,train
/content/water_hyacinth_project/dataset/classification/water_hyacinth/_1229_augmented_image_815.jpg,water_hyacinth,train
/content/water_hyacinth_project/dataset/classification/water_hyacinth/_632_augmented_image_634.jpg,water_hyacinth,train
/content/water_hyacinth_project/dataset/classification/non_water_hyacinth/_850_augmented_image_172.jpg,non_water_hyacinth,train
/content/water_hyacinth_project/dataset/classification/water_hyacinth/_4814_20230812_113923.jpg,water_hyacinth,train
/content/water_hyacinth_project/dataset/classification/non_water_hyacinth/_63_IMG_20230923_103448.jpg,non_water_hyacinth,train
/content/water_hyacinth_project/dataset/classification/non_water_hyacinth/_770_augmented_image_596.jpg,non_water_hyacinth,train
/content/water_hyacinth_project/dataset/classification/non_water_hyacinth/_29_IMG_20230811_165330.jpg,non_water_hyacinth,train
/content/water_hyacinth_project/dataset/classification/non_water_hyacinth/_416_augmented_image_659.jpg,non_water_hyacinth,train
/content/water_hyacinth_project/dataset/classification/non_water_hyacinth/_427_augmented_image_737.jpg,non_water_hyacinth,train
/content/water_hyacinth_project/dataset/classification/non_water_hyacinth/_438_IMG_20230923_101505.jpg,non_water_hyacinth,train
/content/water_hyacinth_project/dataset/classification/water_hyacinth/_1954_augmented_image_379.jpg,water_hyacinth,train
/content/water_hyacinth_project/dataset/classification/water_hyacinth/_4703_IMG_20230814_180541.jpg,water_hyacinth,train
/content/water_hyacinth_project/dataset/classification/water_hyacinth/_4588_IMG_20230805_165910.jpg,water_hyacinth,train
/content/water_hyacinth_project/dataset/classification/non_water_hyacinth/_404_IMG_20230811_165334.jpg,non_water_hyacinth,train
/content/water_hyacinth_project/dataset/classification/non_water_hyacinth/_532_augmented_image_612.jpg,non_water_hyacinth,train
/content/water_hyacinth_project/dataset/classification/non_water_hyacinth/_296_IMG_20230923_112004.jpg,non_water_hyacinth,train
/content/water_hyacinth_project/dataset/classification/non_water_hyacinth/_910_augmented_image_990.jpg,non_water_hyacinth,train
/content/water_hyacinth_project/dataset/classification/non_water_hyacinth/_802_augmented_image_808.jpg,non_water_hyacinth,train
/content/water_hyacinth_project/dataset/classification/non_water_hyacinth/_771_augmented_image_690.jpg,non_water_hyacinth,train
/content/water_hyacinth_project/dataset/classification/non_water_hyacinth/_345_IMG_20230923_103527.jpg,non_water_hyacinth,train
/content/water_hyacinth_project/dataset/classification/non_water_hyacinth/_606_augmented_image_831.jpg,non_water_hyacinth,train
/content/water_hyacinth_project/dataset/classification/water_hyacinth/_832_augmented_image_595.jpg,water_hyacinth,train
/content/water_hyacinth_project/dataset/classification/non_water_hyacinth/_185_IMG_20230811_165416.jpg,non_water_hyacinth,train
/content/water_hyacinth_project/dataset/classification/non_water_hyacinth/_108_IMG_20230811_164515.jpg,non_water_hyacinth,train
/content/water_hyacinth_project/dataset/classification/water_hyacinth/_845_augmented_image_384.jpg,water_hyacinth,train
/content/water_hyacinth_project/dataset/classification/non_water_hyacinth/_303_IMG_20230923_101145.jpg,non_water_hyacinth,train
/content/water_hyacinth_project/dataset/classification/non_water_hyacinth/_115_20230818_114756.jpg,non_water_hyacinth,train
/content/water_hyacinth_project/dataset/classification/non_water_hyacinth/_164_IMG_20230811_163644.jpg,non_water_hyacinth,train
/content/water_hyacinth_project/dataset/classification/water_hyacinth/_4880_IMG_20230813_120226.jpg,water_hyacinth,train
/content/water_hyacinth_project/dataset/classification/non_water_hyacinth/_22_IMG_20230814_175814.jpg,non_water_hyacinth,train
/content/water_hyacinth_project/dataset/classification/non_water_hyacinth/_14_IMG_20230926_173142.jpg,non_water_hyacinth,train
/content/water_hyacinth_project/dataset/classification/water_hyacinth/_1585_augmented_image_714.jpg,water_hyacinth,train
/content/water_hyacinth_project/dataset/classification/non_water_hyacinth/_394_20230818_113533.jpg,non_water_hyacinth,train
/content/water_hyacinth_project/dataset/classification/non_water_hyacinth/_332_IMG_20230811_165422.jpg,non_water_hyacinth,train
/content/water_hyacinth_project/dataset/classification/water_hyacinth/_4926_IMG_20230805_182644.jpg,water_hyacinth,train
/content/water_hyacinth_project/dataset/classification/non_water_hyacinth/_814_augmented_image_979.jpg,non_water_hyacinth,train
/content/water_hyacinth_project/dataset/classification/non_water_hyacinth/_280_20230818_115303.jpg,non_water_hyacinth,train
/content/water_hyacinth_project/dataset/classification/water_hyacinth/_1753_augmented_image_45.jpg,water_hyacinth,train
/content/water_hyacinth_project/dataset/classification/non_water_hyacinth/_289_IMG_20230923_105907.jpg,non_water_hyacinth,train
/content/water_hyacinth_project/dataset/classification/water_hyacinth/_4773_IMG_20230814_180556.jpg,water_hyacinth,train
/content/water_hyacinth_project/dataset/classification/water_hyacinth/_1055_augmented_image_314.jpg,water_hyacinth,train
/content/water_hyacinth_project/dataset/classification/non_water_hyacinth/_164_IMG_20230923_105607.jpg,non_water_hyacinth,train
/content/water_hyacinth_project/dataset/classification/non_water_hyacinth/_712_augmented_image_312.jpg,non_water_hyacinth,train
/content/water_hyacinth_project/dataset/classification/water_hyacinth/_4598_IMG_20230814_210643.jpg,water_hyacinth,train
/content/water_hyacinth_project/dataset/classification/water_hyacinth/_1303_augmented_image_506.jpg,water_hyacinth,train
/content/water_hyacinth_project/dataset/classification/water_hyacinth/_4771_20230812_114938 Background Removed.jpg,water_hyacinth,train
/content/water_hyacinth_project/dataset/classification/non_water_hyacinth/_781_augmented_image_985.jpg,non_water_hyacinth,train
/content/water_hyacinth_project/dataset/classification/non_water_hyacinth/_505_augmented_image_994.jpg,non_water_hyacinth,train
/content/water_hyacinth_project/dataset/classification/water_hyacinth/_4533_IMG_20230814_180755.jpg,water_hyacinth,train
/content/water_hyacinth_project/dataset/classification/non_water_hyacinth/_101_IMG_20230923_110647.jpg,non_water_hyacinth,train
/content/water_hyacinth_project/dataset/classification/non_water_hyacinth/_159_IMG_20230923_111653.jpg,non_water_hyacinth,train
/content/water_hyacinth_project/dataset/classification/water_hyacinth/_184_IMG_20230814_180735.jpg,water_hyacinth,train
/content/water_hyacinth_project/dataset/classification/non_water_hyacinth/_445_IMG_20230814_204752.jpg,non_water_hyacinth,train
/content/water_hyacinth_project/dataset/classification/non_water_hyacinth/_19_20230811_211453.jpg,non_water_hyacinth,train
/content/water_hyacinth_project/dataset/classification/non_water_hyacinth/_236_IMG_20230923_103421.jpg,non_water_hyacinth,train
/content/water_hyacinth_project/dataset/classification/non_water_hyacinth/_504_augmented_image_333.jpg,non_water_hyacinth,train
/content/water_hyacinth_project/dataset/classification/non_water_hyacinth/_113_IMG_20230923_101244_1.jpg,non_water_hyacinth,train
/content/water_hyacinth_project/dataset/classification/non_water_hyacinth/_704_augmented_image_252.jpg,non_water_hyacinth,train
/content/water_hyacinth_project/dataset/classification/non_water_hyacinth/_150_20230818_115034.jpg,non_water_hyacinth,train
/content/water_hyacinth_project/dataset/classification/non_water_hyacinth/_769_augmented_image_902.jpg,non_water_hyacinth,train
/content/water_hyacinth_project/dataset/classification/non_water_hyacinth/_232_20230818_115216.jpg,non_water_hyacinth,train
/content/water_hyacinth_project/dataset/classification/non_water_hyacinth/_895_augmented_image_470.jpg,non_water_hyacinth,train
/content/water_hyacinth_project/dataset/classification/water_hyacinth/_257_augmented_image_487.jpg,water_hyacinth,train
/content/water_hyacinth_project/dataset/classification/water_hyacinth/_1493_augmented_image_213.jpg,water_hyacinth,train
/content/water_hyacinth_project/dataset/classification/non_water_hyacinth/_506_augmented_image_606.jpg,non_water_hyacinth,train
/content/water_hyacinth_project/dataset/classification/non_water_hyacinth/_251_20230811_211441.jpg,non_water_hyacinth,train
/content/water_hyacinth_project/dataset/classification/non_water_hyacinth/_223_augmented_image_499.jpg,non_water_hyacinth,train
/content/water_hyacinth_project/dataset/classification/water_hyacinth/_503_augmented_image_752.jpg,water_hyacinth,train
/content/water_hyacinth_project/dataset/classification/non_water_hyacinth/_422_augmented_image_175.jpg,non_water_hyacinth,train
/content/water_hyacinth_project/dataset/classification/non_water_hyacinth/_672_augmented_image_405.jpg,non_water_hyacinth,train
/content/water_hyacinth_project/dataset/classification/non_water_hyacinth/_282_IMG_20230923_110754.jpg,non_water_hyacinth,train
/content/water_hyacinth_project/dataset/classification/non_water_hyacinth/_585_augmented_image_298.jpg,non_water_hyacinth,train
/content/water_hyacinth_project/dataset/classification/non_water_hyacinth/_348_augmented_image_583.jpg,non_water_hyacinth,train
/content/water_hyacinth_project/dataset/classification/non_water_hyacinth/_669_augmented_image_900.jpg,non_water_hyacinth,train
/content/water_hyacinth_project/dataset/classification/non_water_hyacinth/_142_IMG_20230926_173413.jpg,non_water_hyacinth,train
/content/water_hyacinth_project/dataset/classification/water_hyacinth/_341_IMG_20230814_210746.jpg,water_hyacinth,train
/content/water_hyacinth_project/dataset/classification/non_water_hyacinth/_324_augmented_image_482.jpg,non_water_hyacinth,train
/content/water_hyacinth_project/dataset/classification/non_water_hyacinth/_614_augmented_image_341.jpg,non_water_hyacinth,train
/content/water_hyacinth_project/dataset/classification/non_water_hyacinth/_214_IMG_20230814_174138.jpg,non_water_hyacinth,train
/content/water_hyacinth_project/dataset/classification/water_hyacinth/_4757_IMG_20230805_185001.jpg,water_hyacinth,train
/content/water_hyacinth_project/dataset/classification/non_water_hyacinth/_748_augmented_image_809.jpg,non_water_hyacinth,train
/content/water_hyacinth_project/dataset/classification/non_water_hyacinth/_133_IMG_20230926_173126.jpg,non_water_hyacinth,train
/content/water_hyacinth_project/dataset/classification/non_water_hyacinth/_208_augmented_image_863.jpg,non_water_hyacinth,train
/content/water_hyacinth_project/dataset/classification/non_water_hyacinth/_420_20230818_114725.jpg,non_water_hyacinth,train
/content/water_hyacinth_project/dataset/classification/non_water_hyacinth/_1000_augmented_image_471.jpg,non_water_hyacinth,train
/content/water_hyacinth_project/dataset/classification/non_water_hyacinth/_230_augmented_image_203.jpg,non_water_hyacinth,train
/content/water_hyacinth_project/dataset/classification/non_water_hyacinth/_402_augmented_image_565.jpg,non_water_hyacinth,train
/content/water_hyacinth_project/dataset/classification/non_water_hyacinth/_177_IMG_20230923_112332.jpg,non_water_hyacinth,train
/content/water_hyacinth_project/dataset/classification/non_water_hyacinth/_859_augmented_image_651.jpg,non_water_hyacinth,train
/content/water_hyacinth_project/dataset/classification/non_water_hyacinth/_977_augmented_image_137.jpg,non_water_hyacinth,train
/content/water_hyacinth_project/dataset/classification/non_water_hyacinth/_39_IMG_20230923_105741.jpg,non_water_hyacinth,train
/content/water_hyacinth_project/dataset/classification/water_hyacinth/_4628_IMG_20230805_182513 Background Removed.jpg,water_hyacinth,train
/content/water_hyacinth_project/dataset/classification/non_water_hyacinth/_253_IMG_20230923_101556.jpg,non_water_hyacinth,train
/content/water_hyacinth_project/dataset/classification/non_water_hyacinth/_358_IMG_20230811_163647.jpg,non_water_hyacinth,train
/content/water_hyacinth_project/dataset/classification/water_hyacinth/_1690_augmented_image_289.jpg,water_hyacinth,train
/content/water_hyacinth_project/dataset/classification/non_water_hyacinth/_677_augmented_image_564.jpg,non_water_hyacinth,train
/content/water_hyacinth_project/dataset/classification/non_water_hyacinth/_67_IMG_20230923_103530.jpg,non_water_hyacinth,train
/content/water_hyacinth_project/dataset/classification/water_hyacinth/_4984_IMG_20230814_210742.jpg,water_hyacinth,train
/content/water_hyacinth_project/dataset/classification/non_water_hyacinth/_850_augmented_image_772.jpg,non_water_hyacinth,train
/content/water_hyacinth_project/dataset/classification/non_water_hyacinth/_81_augmented_image_542.jpg,non_water_hyacinth,train
/content/water_hyacinth_project/dataset/classification/non_water_hyacinth/_239_augmented_image_1004.jpg,non_water_hyacinth,train
/content/water_hyacinth_project/dataset/classification/non_water_hyacinth/_658_augmented_image_899.jpg,non_water_hyacinth,train
/content/water_hyacinth_project/dataset/classification/non_water_hyacinth/_551_augmented_image_398.jpg,non_water_hyacinth,train
/content/water_hyacinth_project/dataset/classification/water_hyacinth/_1686_augmented_image_780.jpg,water_hyacinth,train
/content/water_hyacinth_project/dataset/classification/water_hyacinth/_1722_augmented_image_342.jpg,water_hyacinth,train
/content/water_hyacinth_project/dataset/classification/water_hyacinth/_1446_augmented_image_693.jpg,water_hyacinth,train
/content/water_hyacinth_project/dataset/classification/non_water_hyacinth/_150_augmented_image_446.jpg,non_water_hyacinth,train
/content/water_hyacinth_project/dataset/classification/water_hyacinth/_1998_augmented_image_238.jpg,water_hyacinth,train
/content/water_hyacinth_project/dataset/classification/non_water_hyacinth/_55_IMG_20230926_173128.jpg,non_water_hyacinth,train
/content/water_hyacinth_project/dataset/classification/water_hyacinth/_130_IMG_20230805_184552.jpg,water_hyacinth,train
/content/water_hyacinth_project/dataset/classification/non_water_hyacinth/_461_augmented_image_730.jpg,non_water_hyacinth,train
/content/water_hyacinth_project/dataset/classification/non_water_hyacinth/_470_augmented_image_233.jpg,non_water_hyacinth,train
/content/water_hyacinth_project/dataset/classification/water_hyacinth/_162_IMG_20230814_210200.jpg,water_hyacinth,train
/content/water_hyacinth_project/dataset/classification/non_water_hyacinth/_824_augmented_image_696.jpg,non_water_hyacinth,train
/content/water_hyacinth_project/dataset/classification/water_hyacinth/_1386_augmented_image_70.jpg,water_hyacinth,train
/content/water_hyacinth_project/dataset/classification/non_water_hyacinth/_0_20230818_114839.jpg,non_water_hyacinth,train
/content/water_hyacinth_project/dataset/classification/water_hyacinth/_1562_augmented_image_77.jpg,water_hyacinth,train
/content/water_hyacinth_project/dataset/classification/non_water_hyacinth/_39_IMG_20230923_100558.jpg,non_water_hyacinth,train
/content/water_hyacinth_project/dataset/classification/non_water_hyacinth/_29_IMG_20230923_112012.jpg,non_water_hyacinth,train
/content/water_hyacinth_project/dataset/classification/non_water_hyacinth/_197_augmented_image_863.jpg,non_water_hyacinth,train
/content/water_hyacinth_project/dataset/classification/non_water_hyacinth/_337_augmented_image_977.jpg,non_water_hyacinth,train
/content/water_hyacinth_project/dataset/classification/non_water_hyacinth/_279_20230811_211416.jpg,non_water_hyacinth,train
/content/water_hyacinth_project/dataset/classification/non_water_hyacinth/_565_augmented_image_447.jpg,non_water_hyacinth,train
/content/water_hyacinth_project/dataset/classification/non_water_hyacinth/_399_augmented_image_926.jpg,non_water_hyacinth,train
/content/water_hyacinth_project/dataset/classification/water_hyacinth/_1800_augmented_image_466.jpg,water_hyacinth,train
/content/water_hyacinth_project/dataset/classification/non_water_hyacinth/_250_20230818_115250(0).jpg,non_water_hyacinth,train
/content/water_hyacinth_project/dataset/classification/water_hyacinth/_215_augmented_image_890.jpg,water_hyacinth,train
/content/water_hyacinth_project/dataset/classification/water_hyacinth/_1623_augmented_image_138.jpg,water_hyacinth,train
/content/water_hyacinth_project/dataset/classification/non_water_hyacinth/_136_IMG_20230923_100535.jpg,non_water_hyacinth,train
/content/water_hyacinth_project/dataset/classification/non_water_hyacinth/_347_IMG_20230923_100736.jpg,non_water_hyacinth,train
/content/water_hyacinth_project/dataset/classification/non_water_hyacinth/_840_augmented_image_466.jpg,non_water_hyacinth,train
/content/water_hyacinth_project/dataset/classification/water_hyacinth/_1970_augmented_image_713.jpg,water_hyacinth,train
/content/water_hyacinth_project/dataset/classification/non_water_hyacinth/_348_IMG_20230923_112153.jpg,non_water_hyacinth,train
/content/water_hyacinth_project/dataset/classification/water_hyacinth/_270_IMG_20230811_163823.jpg,water_hyacinth,train
/content/water_hyacinth_project/dataset/classification/water_hyacinth/_97_IMG_20230814_180752.jpg,water_hyacinth,train
/content/water_hyacinth_project/dataset/classification/water_hyacinth/_4884_IMG_20230805_171757.jpg,water_hyacinth,train
/content/water_hyacinth_project/dataset/classification/non_water_hyacinth/_601_augmented_image_577.jpg,non_water_hyacinth,train
/content/water_hyacinth_project/dataset/classification/water_hyacinth/_529_augmented_image_5.jpg,water_hyacinth,train
/content/water_hyacinth_project/dataset/classification/water_hyacinth/_1276_augmented_image_857.jpg,water_hyacinth,train
/content/water_hyacinth_project/dataset/classification/non_water_hyacinth/_358_augmented_image_488.jpg,non_water_hyacinth,train
/content/water_hyacinth_project/dataset/classification/non_water_hyacinth/_938_augmented_image_117.jpg,non_water_hyacinth,train
/content/water_hyacinth_project/dataset/classification/non_water_hyacinth/_369_augmented_image_366.jpg,non_water_hyacinth,train
/content/water_hyacinth_project/dataset/classification/water_hyacinth/_600_augmented_image_555.jpg,water_hyacinth,train
/content/water_hyacinth_project/dataset/classification/non_water_hyacinth/_145_IMG_20230923_100924.jpg,non_water_hyacinth,train
/content/water_hyacinth_project/dataset/classification/water_hyacinth/_514_augmented_image_208.jpg,water_hyacinth,train
/content/water_hyacinth_project/dataset/classification/non_water_hyacinth/_412_IMG_20230923_110424.jpg,non_water_hyacinth,train
/content/water_hyacinth_project/dataset/classification/non_water_hyacinth/_557_augmented_image_298.jpg,non_water_hyacinth,train
/content/water_hyacinth_project/dataset/classification/non_water_hyacinth/_88_augmented_image_788.jpg,non_water_hyacinth,train
/content/water_hyacinth_project/dataset/classification/non_water_hyacinth/_306_IMG_20230923_100805.jpg,non_water_hyacinth,train
/content/water_hyacinth_project/dataset/classification/non_water_hyacinth/_96_IMG_20230814_203732.jpg,non_water_hyacinth,train
/content/water_hyacinth_project/dataset/classification/non_water_hyacinth/_476_augmented_image_922.jpg,non_water_hyacinth,train
/content/water_hyacinth_project/dataset/classification/non_water_hyacinth/_224_augmented_image_531.jpg,non_water_hyacinth,train
/content/water_hyacinth_project/dataset/classification/non_water_hyacinth/_759_augmented_image_738.jpg,non_water_hyacinth,train
/content/water_hyacinth_project/dataset/classification/water_hyacinth/_121_augmented_image_190.jpg,water_hyacinth,train
/content/water_hyacinth_project/dataset/classification/non_water_hyacinth/_360_augmented_image_774.jpg,non_water_hyacinth,train
/content/water_hyacinth_project/dataset/classification/water_hyacinth/_1719_augmented_image_276.jpg,water_hyacinth,train
/content/water_hyacinth_project/dataset/classification/water_hyacinth/_1554_augmented_image_291.jpg,water_hyacinth,train
/content/water_hyacinth_project/dataset/classification/non_water_hyacinth/_289_IMG_20230814_204939.jpg,non_water_hyacinth,train
/content/water_hyacinth_project/dataset/classification/non_water_hyacinth/_420_augmented_image_777.jpg,non_water_hyacinth,train
/content/water_hyacinth_project/dataset/classification/non_water_hyacinth/_720_augmented_image_722.jpg,non_water_hyacinth,train
/content/water_hyacinth_project/dataset/classification/non_water_hyacinth/_248_20230818_113532.jpg,non_water_hyacinth,train
/content/water_hyacinth_project/dataset/classification/water_hyacinth/_1726_augmented_image_604.jpg,water_hyacinth,train
/content/water_hyacinth_project/dataset/classification/non_water_hyacinth/_842_augmented_image_958.jpg,non_water_hyacinth,train
/content/water_hyacinth_project/dataset/classification/non_water_hyacinth/_363_IMG_20230814_203017.jpg,non_water_hyacinth,train
/content/water_hyacinth_project/dataset/classification/non_water_hyacinth/_140_IMG_20230926_172933.jpg,non_water_hyacinth,train
/content/water_hyacinth_project/dataset/classification/water_hyacinth/_368_IMG_20230811_163825.jpg,water_hyacinth,train
/content/water_hyacinth_project/dataset/classification/non_water_hyacinth/_276_IMG_20230926_173646.jpg,non_water_hyacinth,train
/content/water_hyacinth_project/dataset/classification/water_hyacinth/_4928_IMG_20230814_210655.jpg,water_hyacinth,train
/content/water_hyacinth_project/dataset/classification/water_hyacinth/_1556_augmented_image_568.jpg,water_hyacinth,train
/content/water_hyacinth_project/dataset/classification/water_hyacinth/_1195_augmented_image_393.jpg,water_hyacinth,train
/content/water_hyacinth_project/dataset/classification/non_water_hyacinth/_69_20230818_113359.jpg,non_water_hyacinth,train
/content/water_hyacinth_project/dataset/classification/non_water_hyacinth/_469_IMG_20230814_204327.jpg,non_water_hyacinth,train
/content/water_hyacinth_project/dataset/classification/non_water_hyacinth/_118_IMG_20230811_170401.jpg,non_water_hyacinth,train
/content/water_hyacinth_project/dataset/classification/non_water_hyacinth/_127_IMG_20230923_105739.jpg,non_water_hyacinth,train
/content/water_hyacinth_project/dataset/classification/non_water_hyacinth/_188_20230818_114743.jpg,non_water_hyacinth,train
/content/water_hyacinth_project/dataset/classification/non_water_hyacinth/_445_augmented_image_1000.jpg,non_water_hyacinth,train
/content/water_hyacinth_project/dataset/classification/non_water_hyacinth/_558_augmented_image_791.jpg,non_water_hyacinth,train
/content/water_hyacinth_project/dataset/classification/non_water_hyacinth/_888_augmented_image_834.jpg,non_water_hyacinth,train
/content/water_hyacinth_project/dataset/classification/non_water_hyacinth/_323_augmented_image_580.jpg,non_water_hyacinth,train
/content/water_hyacinth_project/dataset/classification/non_water_hyacinth/_803_augmented_image_607.jpg,non_water_hyacinth,train
/content/water_hyacinth_project/dataset/classification/water_hyacinth/_451_augmented_image_267.jpg,water_hyacinth,train
/content/water_hyacinth_project/dataset/classification/non_water_hyacinth/_178_IMG_20230811_164556.jpg,non_water_hyacinth,train
/content/water_hyacinth_project/dataset/classification/non_water_hyacinth/_137_augmented_image_425.jpg,non_water_hyacinth,train
/content/water_hyacinth_project/dataset/classification/non_water_hyacinth/_275_IMG_20230923_112133.jpg,non_water_hyacinth,train
/content/water_hyacinth_project/dataset/classification/water_hyacinth/_1631_augmented_image_921.jpg,water_hyacinth,train
/content/water_hyacinth_project/dataset/classification/non_water_hyacinth/_348_20230818_113415.jpg,non_water_hyacinth,train
/content/water_hyacinth_project/dataset/classification/water_hyacinth/_179_IMG_20230805_182142 Background Removed.jpg,water_hyacinth,train
/content/water_hyacinth_project/dataset/classification/non_water_hyacinth/_234_IMG_20230811_170831.jpg,non_water_hyacinth,train
/content/water_hyacinth_project/dataset/classification/non_water_hyacinth/_320_augmented_image_723.jpg,non_water_hyacinth,train
/content/water_hyacinth_project/dataset/classification/water_hyacinth/_404_IMG_20230811_163410.jpg,water_hyacinth,train
/content/water_hyacinth_project/dataset/classification/non_water_hyacinth/_915_augmented_image_156.jpg,non_water_hyacinth,train
/content/water_hyacinth_project/dataset/classification/non_water_hyacinth/_351_augmented_image_373.jpg,non_water_hyacinth,train
/content/water_hyacinth_project/dataset/classification/non_water_hyacinth/_1_IMG_20230814_174822.jpg,non_water_hyacinth,train
/content/water_hyacinth_project/dataset/classification/non_water_hyacinth/_5_augmented_image_43.jpg,non_water_hyacinth,train
/content/water_hyacinth_project/dataset/classification/non_water_hyacinth/_9_IMG_20230926_173504.jpg,non_water_hyacinth,train
/content/water_hyacinth_project/dataset/classification/water_hyacinth/_401_augmented_image_781.jpg,water_hyacinth,train
/content/water_hyacinth_project/dataset/classification/water_hyacinth/_36_IMG_20230814_210312.jpg,water_hyacinth,train
/content/water_hyacinth_project/dataset/classification/non_water_hyacinth/_595_augmented_image_826.jpg,non_water_hyacinth,train
/content/water_hyacinth_project/dataset/classification/non_water_hyacinth/_870_augmented_image_614.jpg,non_water_hyacinth,train
/content/water_hyacinth_project/dataset/classification/non_water_hyacinth/_354_IMG_20230926_173613.jpg,non_water_hyacinth,train
/content/water_hyacinth_project/dataset/classification/non_water_hyacinth/_759_augmented_image_638.jpg,non_water_hyacinth,train
/content/water_hyacinth_project/dataset/classification/water_hyacinth/_4979_IMG_20230805_171832.jpg,water_hyacinth,train
/content/water_hyacinth_project/dataset/classification/non_water_hyacinth/_331_augmented_image_1006.jpg,non_water_hyacinth,train
/content/water_hyacinth_project/dataset/classification/non_water_hyacinth/_294_20230818_115058.jpg,non_water_hyacinth,train
/content/water_hyacinth_project/dataset/classification/non_water_hyacinth/_342_augmented_image_158.jpg,non_water_hyacinth,train
/content/water_hyacinth_project/dataset/classification/non_water_hyacinth/_399_IMG_20230923_112248.jpg,non_water_hyacinth,train
/content/water_hyacinth_project/dataset/classification/non_water_hyacinth/_232_augmented_image_616.jpg,non_water_hyacinth,train
/content/water_hyacinth_project/dataset/classification/non_water_hyacinth/_747_augmented_image_449.jpg,non_water_hyacinth,train
/content/water_hyacinth_project/dataset/classification/non_water_hyacinth/_97_IMG_20230926_172856.jpg,non_water_hyacinth,train
/content/water_hyacinth_project/dataset/classification/water_hyacinth/_414_augmented_image_904.jpg,water_hyacinth,train
/content/water_hyacinth_project/dataset/classification/non_water_hyacinth/_900_augmented_image_412.jpg,non_water_hyacinth,train
/content/water_hyacinth_project/dataset/classification/non_water_hyacinth/_99_IMG_20230926_172853.jpg,non_water_hyacinth,train
/content/water_hyacinth_project/dataset/classification/non_water_hyacinth/_166_IMG_20230923_112455.jpg,non_water_hyacinth,train
/content/water_hyacinth_project/dataset/classification/non_water_hyacinth/_437_augmented_image_352.jpg,non_water_hyacinth,train
/content/water_hyacinth_project/dataset/classification/water_hyacinth/_1343_augmented_image_590.jpg,water_hyacinth,train
/content/water_hyacinth_project/dataset/classification/non_water_hyacinth/_667_augmented_image_670.jpg,non_water_hyacinth,train
/content/water_hyacinth_project/dataset/classification/non_water_hyacinth/_580_augmented_image_101.jpg,non_water_hyacinth,train
/content/water_hyacinth_project/dataset/classification/water_hyacinth/_4745_IMG_20230805_183055.jpg,water_hyacinth,train
/content/water_hyacinth_project/dataset/classification/non_water_hyacinth/_52_IMG_20230923_110555.jpg,non_water_hyacinth,train
/content/water_hyacinth_project/dataset/classification/non_water_hyacinth/_449_augmented_image_549.jpg,non_water_hyacinth,train
/content/water_hyacinth_project/dataset/classification/water_hyacinth/_1672_augmented_image_405.jpg,water_hyacinth,train
/content/water_hyacinth_project/dataset/classification/water_hyacinth/_181_IMG_20230811_163813.jpg,water_hyacinth,train
/content/water_hyacinth_project/dataset/classification/water_hyacinth/_1983_augmented_image_13.jpg,water_hyacinth,train
/content/water_hyacinth_project/dataset/classification/non_water_hyacinth/_242_IMG_20230814_204100.jpg,non_water_hyacinth,train
/content/water_hyacinth_project/dataset/classification/non_water_hyacinth/_970_augmented_image_713.jpg,non_water_hyacinth,train
/content/water_hyacinth_project/dataset/classification/water_hyacinth/_456_augmented_image_661.jpg,water_hyacinth,train
/content/water_hyacinth_project/dataset/classification/non_water_hyacinth/_11_IMG_20230926_173303.jpg,non_water_hyacinth,train
/content/water_hyacinth_project/dataset/classification/water_hyacinth/_1898_augmented_image_253.jpg,water_hyacinth,train
/content/water_hyacinth_project/dataset/classification/water_hyacinth/_807_augmented_image_177.jpg,water_hyacinth,train
/content/water_hyacinth_project/dataset/classification/non_water_hyacinth/_446_augmented_image_465.jpg,non_water_hyacinth,train
/content/water_hyacinth_project/dataset/classification/water_hyacinth/_609_augmented_image_401.jpg,water_hyacinth,train
/content/water_hyacinth_project/dataset/classification/non_water_hyacinth/_812_augmented_image_673.jpg,non_water_hyacinth,train
/content/water_hyacinth_project/dataset/classification/non_water_hyacinth/_110_20230812_113835.jpg,non_water_hyacinth,train
/content/water_hyacinth_project/dataset/classification/water_hyacinth/_4680_IMG_20230805_165731.jpg,water_hyacinth,train
/content/water_hyacinth_project/dataset/classification/water_hyacinth/_1408_augmented_image_919.jpg,water_hyacinth,train
/content/water_hyacinth_project/dataset/classification/water_hyacinth/_151_augmented_image_671.jpg,water_hyacinth,train
/content/water_hyacinth_project/dataset/classification/non_water_hyacinth/_821_augmented_image_140.jpg,non_water_hyacinth,train
/content/water_hyacinth_project/dataset/classification/non_water_hyacinth/_91_IMG_20230811_170235.jpg,non_water_hyacinth,train
/content/water_hyacinth_project/dataset/classification/non_water_hyacinth/_242_augmented_image_815.jpg,non_water_hyacinth,train
/content/water_hyacinth_project/dataset/classification/non_water_hyacinth/_77_20230811_211420.jpg,non_water_hyacinth,train
/content/water_hyacinth_project/dataset/classification/non_water_hyacinth/_326_20230818_115114.jpg,non_water_hyacinth,train
/content/water_hyacinth_project/dataset/classification/non_water_hyacinth/_17_20230818_114836.jpg,non_water_hyacinth,train
/content/water_hyacinth_project/dataset/classification/non_water_hyacinth/_309_20230818_115000.jpg,non_water_hyacinth,train
/content/water_hyacinth_project/dataset/classification/non_water_hyacinth/_35_augmented_image_796.jpg,non_water_hyacinth,train
/content/water_hyacinth_project/dataset/classification/water_hyacinth/_4872_IMG_20230814_180642.jpg,water_hyacinth,train
/content/water_hyacinth_project/dataset/classification/non_water_hyacinth/_174_20230818_115013.jpg,non_water_hyacinth,train
/content/water_hyacinth_project/dataset/classification/non_water_hyacinth/_203_IMG_20230923_101434.jpg,non_water_hyacinth,train
/content/water_hyacinth_project/dataset/classification/non_water_hyacinth/_268_IMG_20230923_105740.jpg,non_water_hyacinth,train
/content/water_hyacinth_project/dataset/classification/non_water_hyacinth/_135_IMG_20230923_100835.jpg,non_water_hyacinth,train
/content/water_hyacinth_project/dataset/classification/non_water_hyacinth/_69_20230811_211240.jpg,non_water_hyacinth,train
/content/water_hyacinth_project/dataset/classification/non_water_hyacinth/_626_augmented_image_683.jpg,non_water_hyacinth,train
/content/water_hyacinth_project/dataset/classification/non_water_hyacinth/_217_20230811_211438.jpg,non_water_hyacinth,train
/content/water_hyacinth_project/dataset/classification/water_hyacinth/_1054_augmented_image_118.jpg,water_hyacinth,train
/content/water_hyacinth_project/dataset/classification/non_water_hyacinth/_24_IMG_20230923_100327.jpg,non_water_hyacinth,train
/content/water_hyacinth_project/dataset/classification/non_water_hyacinth/_270_20230811_211259.jpg,non_water_hyacinth,train
/content/water_hyacinth_project/dataset/classification/water_hyacinth/_869_augmented_image_241.jpg,water_hyacinth,train
/content/water_hyacinth_project/dataset/classification/non_water_hyacinth/_244_IMG_20230814_204930.jpg,non_water_hyacinth,train
/content/water_hyacinth_project/dataset/classification/non_water_hyacinth/_830_augmented_image_794.jpg,non_water_hyacinth,train
/content/water_hyacinth_project/dataset/classification/non_water_hyacinth/_670_augmented_image_674.jpg,non_water_hyacinth,train
/content/water_hyacinth_project/dataset/classification/non_water_hyacinth/_288_IMG_20230923_105558.jpg,non_water_hyacinth,train
/content/water_hyacinth_project/dataset/classification/non_water_hyacinth/_81_IMG_20230923_111002.jpg,non_water_hyacinth,train
/content/water_hyacinth_project/dataset/classification/water_hyacinth/_4779_IMG_20230814_180704.jpg,water_hyacinth,train
/content/water_hyacinth_project/dataset/classification/non_water_hyacinth/_930_augmented_image_725.jpg,non_water_hyacinth,train
/content/water_hyacinth_project/dataset/classification/non_water_hyacinth/_458_augmented_image_716.jpg,non_water_hyacinth,train
/content/water_hyacinth_project/dataset/classification/non_water_hyacinth/_180_IMG_20230814_203613.jpg,non_water_hyacinth,train
/content/water_hyacinth_project/dataset/classification/non_water_hyacinth/_474_augmented_image_824.jpg,non_water_hyacinth,train
/content/water_hyacinth_project/dataset/classification/non_water_hyacinth/_256_IMG_20230923_100449.jpg,non_water_hyacinth,train
/content/water_hyacinth_project/dataset/classification/non_water_hyacinth/_831_augmented_image_60.jpg,non_water_hyacinth,train
/content/water_hyacinth_project/dataset/classification/non_water_hyacinth/_1045_augmented_image_862.jpg,non_water_hyacinth,train
/content/water_hyacinth_project/dataset/classification/water_hyacinth/_710_augmented_image_328.jpg,water_hyacinth,train
/content/water_hyacinth_project/dataset/classification/water_hyacinth/_1050_augmented_image_891.jpg,water_hyacinth,train
/content/water_hyacinth_project/dataset/classification/non_water_hyacinth/_361_IMG_20230923_103414.jpg,non_water_hyacinth,train
/content/water_hyacinth_project/dataset/classification/water_hyacinth/_4559_IMG_20230805_185347 Background Removed.jpg,water_hyacinth,train
/content/water_hyacinth_project/dataset/classification/non_water_hyacinth/_256_augmented_image_699.jpg,non_water_hyacinth,train
/content/water_hyacinth_project/dataset/classification/non_water_hyacinth/_138_augmented_image_572.jpg,non_water_hyacinth,train
/content/water_hyacinth_project/dataset/classification/non_water_hyacinth/_707_augmented_image_28.jpg,non_water_hyacinth,train
/content/water_hyacinth_project/dataset/classification/non_water_hyacinth/_267_augmented_image_372.jpg,non_water_hyacinth,train
/content/water_hyacinth_project/dataset/classification/water_hyacinth/_4726_IMG_20230805_165855.jpg,water_hyacinth,train
/content/water_hyacinth_project/dataset/classification/non_water_hyacinth/_878_augmented_image_392.jpg,non_water_hyacinth,train
/content/water_hyacinth_project/dataset/classification/non_water_hyacinth/_364_IMG_20230926_172903.jpg,non_water_hyacinth,train
/content/water_hyacinth_project/dataset/classification/water_hyacinth/_1200_augmented_image_483.jpg,water_hyacinth,train
/content/water_hyacinth_project/dataset/classification/non_water_hyacinth/_158_augmented_image_850.jpg,non_water_hyacinth,train
/content/water_hyacinth_project/dataset/classification/non_water_hyacinth/_331_augmented_image_222.jpg,non_water_hyacinth,train
/content/water_hyacinth_project/dataset/classification/non_water_hyacinth/_328_IMG_20230923_101146.jpg,non_water_hyacinth,train
/content/water_hyacinth_project/dataset/classification/non_water_hyacinth/_212_augmented_image_499.jpg,non_water_hyacinth,train
/content/water_hyacinth_project/dataset/classification/non_water_hyacinth/_4_20230818_114816.jpg,non_water_hyacinth,train
/content/water_hyacinth_project/dataset/classification/non_water_hyacinth/_139_augmented_image_687.jpg,non_water_hyacinth,train
/content/water_hyacinth_project/dataset/classification/non_water_hyacinth/_166_augmented_image_810.jpg,non_water_hyacinth,train
/content/water_hyacinth_project/dataset/classification/non_water_hyacinth/_320_IMG_20230923_101600.jpg,non_water_hyacinth,train
/content/water_hyacinth_project/dataset/classification/non_water_hyacinth/_421_augmented_image_918.jpg,non_water_hyacinth,train
/content/water_hyacinth_project/dataset/classification/water_hyacinth/_375_augmented_image_79.jpg,water_hyacinth,train
/content/water_hyacinth_project/dataset/classification/water_hyacinth/_4812_IMG_20230805_184417.jpg,water_hyacinth,train
/content/water_hyacinth_project/dataset/classification/non_water_hyacinth/_860_augmented_image_22.jpg,non_water_hyacinth,train
/content/water_hyacinth_project/dataset/classification/non_water_hyacinth/_182_IMG_20230923_100325.jpg,non_water_hyacinth,train
/content/water_hyacinth_project/dataset/classification/non_water_hyacinth/_74_IMG_20230923_110305.jpg,non_water_hyacinth,train
/content/water_hyacinth_project/dataset/classification/non_water_hyacinth/_78_IMG_20230811_165319.jpg,non_water_hyacinth,train
/content/water_hyacinth_project/dataset/classification/non_water_hyacinth/_590_augmented_image_77.jpg,non_water_hyacinth,train
/content/water_hyacinth_project/dataset/classification/water_hyacinth/_468_IMG_20230811_163818.jpg,water_hyacinth,train
/content/water_hyacinth_project/dataset/classification/non_water_hyacinth/_271_augmented_image_573.jpg,non_water_hyacinth,train
/content/water_hyacinth_project/dataset/classification/non_water_hyacinth/_975_augmented_image_811.jpg,non_water_hyacinth,train
/content/water_hyacinth_project/dataset/classification/non_water_hyacinth/_228_IMG_20230923_100909.jpg,non_water_hyacinth,train
/content/water_hyacinth_project/dataset/classification/non_water_hyacinth/_58_IMG_20230923_105312.jpg,non_water_hyacinth,train
/content/water_hyacinth_project/dataset/classification/non_water_hyacinth/_214_IMG_20230923_103456.jpg,non_water_hyacinth,train
/content/water_hyacinth_project/dataset/classification/non_water_hyacinth/_100_IMG_20230923_112000.jpg,non_water_hyacinth,train
/content/water_hyacinth_project/dataset/classification/non_water_hyacinth/_898_augmented_image_253.jpg,non_water_hyacinth,train
/content/water_hyacinth_project/dataset/classification/water_hyacinth/_1647_augmented_image_743.jpg,water_hyacinth,train
/content/water_hyacinth_project/dataset/classification/non_water_hyacinth/_844_augmented_image_833.jpg,non_water_hyacinth,train
/content/water_hyacinth_project/dataset/classification/non_water_hyacinth/_404_augmented_image_50.jpg,non_water_hyacinth,train
/content/water_hyacinth_project/dataset/classification/non_water_hyacinth/_41_20230811_211252(0).jpg,non_water_hyacinth,train
/content/water_hyacinth_project/dataset/classification/water_hyacinth/_1657_augmented_image_527.jpg,water_hyacinth,train
/content/water_hyacinth_project/dataset/classification/non_water_hyacinth/_344_IMG_20230923_110835.jpg,non_water_hyacinth,train
/content/water_hyacinth_project/dataset/classification/water_hyacinth/_374_IMG_20230811_173151.jpg,water_hyacinth,train
/content/water_hyacinth_project/dataset/classification/non_water_hyacinth/_553_augmented_image_916.jpg,non_water_hyacinth,train
/content/water_hyacinth_project/dataset/classification/non_water_hyacinth/_366_IMG_20230923_105525.jpg,non_water_hyacinth,train
/content/water_hyacinth_project/dataset/classification/water_hyacinth/_4752_IMG_20230805_171726.jpg,water_hyacinth,train
/content/water_hyacinth_project/dataset/classification/water_hyacinth/_985_augmented_image_136.jpg,water_hyacinth,train
/content/water_hyacinth_project/dataset/classification/non_water_hyacinth/_156_IMG_20230814_204438.jpg,non_water_hyacinth,train
/content/water_hyacinth_project/dataset/classification/non_water_hyacinth/_223_augmented_image_180.jpg,non_water_hyacinth,train
/content/water_hyacinth_project/dataset/classification/water_hyacinth/_580_augmented_image_999.jpg,water_hyacinth,train
/content/water_hyacinth_project/dataset/classification/non_water_hyacinth/_37_IMG_20230923_103120.jpg,non_water_hyacinth,train
/content/water_hyacinth_project/dataset/classification/water_hyacinth/_1967_augmented_image_871.jpg,water_hyacinth,train
/content/water_hyacinth_project/dataset/classification/non_water_hyacinth/_137_IMG_20230811_165328.jpg,non_water_hyacinth,train
/content/water_hyacinth_project/dataset/classification/water_hyacinth/_212_augmented_image_499.jpg,water_hyacinth,train
/content/water_hyacinth_project/dataset/classification/non_water_hyacinth/_494_augmented_image_769.jpg,non_water_hyacinth,train
/content/water_hyacinth_project/dataset/classification/non_water_hyacinth/_882_augmented_image_421.jpg,non_water_hyacinth,train
/content/water_hyacinth_project/dataset/classification/non_water_hyacinth/_932_augmented_image_320.jpg,non_water_hyacinth,train
/content/water_hyacinth_project/dataset/classification/water_hyacinth/_4787_20230812_114017 Background Removed.jpg,water_hyacinth,train
/content/water_hyacinth_project/dataset/classification/water_hyacinth/_533_augmented_image_242.jpg,water_hyacinth,train
/content/water_hyacinth_project/dataset/classification/non_water_hyacinth/_314_IMG_20230923_111941.jpg,non_water_hyacinth,train
/content/water_hyacinth_project/dataset/classification/non_water_hyacinth/_206_IMG_20230814_203037.jpg,non_water_hyacinth,train
/content/water_hyacinth_project/dataset/classification/non_water_hyacinth/_403_20230818_114815.jpg,non_water_hyacinth,train
/content/water_hyacinth_project/dataset/classification/water_hyacinth/_1037_augmented_image_456.jpg,water_hyacinth,train
/content/water_hyacinth_project/dataset/classification/non_water_hyacinth/_209_augmented_image_908.jpg,non_water_hyacinth,train
/content/water_hyacinth_project/dataset/classification/non_water_hyacinth/_116_IMG_20230923_105730.jpg,non_water_hyacinth,train
/content/water_hyacinth_project/dataset/classification/non_water_hyacinth/_603_augmented_image_434.jpg,non_water_hyacinth,train
/content/water_hyacinth_project/dataset/classification/non_water_hyacinth/_328_IMG_20230811_165308.jpg,non_water_hyacinth,train
/content/water_hyacinth_project/dataset/classification/non_water_hyacinth/_330_IMG_20230814_203939.jpg,non_water_hyacinth,train
/content/water_hyacinth_project/dataset/classification/non_water_hyacinth/_179_augmented_image_33.jpg,non_water_hyacinth,train
/content/water_hyacinth_project/dataset/classification/non_water_hyacinth/_715_augmented_image_407.jpg,non_water_hyacinth,train
/content/water_hyacinth_project/dataset/classification/non_water_hyacinth/_612_augmented_image_182.jpg,non_water_hyacinth,train
/content/water_hyacinth_project/dataset/classification/water_hyacinth/_4749_IMG_20230811_165435.jpg,water_hyacinth,train
/content/water_hyacinth_project/dataset/classification/water_hyacinth/_1372_augmented_image_912.jpg,water_hyacinth,train
/content/water_hyacinth_project/dataset/classification/non_water_hyacinth/_373_IMG_20230923_110939.jpg,non_water_hyacinth,train
/content/water_hyacinth_project/dataset/classification/non_water_hyacinth/_326_augmented_image_593.jpg,non_water_hyacinth,train
/content/water_hyacinth_project/dataset/classification/non_water_hyacinth/_937_augmented_image_767.jpg,non_water_hyacinth,train
/content/water_hyacinth_project/dataset/classification/water_hyacinth/_156_IMG_20230805_183733.jpg,water_hyacinth,train
/content/water_hyacinth_project/dataset/classification/non_water_hyacinth/_368_IMG_20230926_173111.jpg,non_water_hyacinth,train
/content/water_hyacinth_project/dataset/classification/non_water_hyacinth/_652_augmented_image_138.jpg,non_water_hyacinth,train
/content/water_hyacinth_project/dataset/classification/non_water_hyacinth/_168_augmented_image_551.jpg,non_water_hyacinth,train
/content/water_hyacinth_project/dataset/classification/water_hyacinth/_1693_augmented_image_893.jpg,water_hyacinth,train
/content/water_hyacinth_project/dataset/classification/non_water_hyacinth/_429_IMG_20230923_111609.jpg,non_water_hyacinth,train
/content/water_hyacinth_project/dataset/classification/water_hyacinth/_53_IMG_20230814_210155.jpg,water_hyacinth,train
/content/water_hyacinth_project/dataset/classification/non_water_hyacinth/_221_20230818_114751.jpg,non_water_hyacinth,train
/content/water_hyacinth_project/dataset/classification/water_hyacinth/_393_augmented_image_685.jpg,water_hyacinth,train
/content/water_hyacinth_project/dataset/classification/non_water_hyacinth/_929_augmented_image_254.jpg,non_water_hyacinth,train
/content/water_hyacinth_project/dataset/classification/non_water_hyacinth/_404_augmented_image_209.jpg,non_water_hyacinth,train
/content/water_hyacinth_project/dataset/classification/non_water_hyacinth/_832_augmented_image_595.jpg,non_water_hyacinth,train
/content/water_hyacinth_project/dataset/classification/non_water_hyacinth/_196_augmented_image_370.jpg,non_water_hyacinth,train
/content/water_hyacinth_project/dataset/classification/non_water_hyacinth/_95_20230818_112706.jpg,non_water_hyacinth,train
/content/water_hyacinth_project/dataset/classification/non_water_hyacinth/_195_augmented_image_393.jpg,non_water_hyacinth,train
/content/water_hyacinth_project/dataset/classification/water_hyacinth/_1854_augmented_image_412.jpg,water_hyacinth,train
/content/water_hyacinth_project/dataset/classification/non_water_hyacinth/_239_augmented_image_733.jpg,non_water_hyacinth,train
/content/water_hyacinth_project/dataset/classification/non_water_hyacinth/_765_augmented_image_171.jpg,non_water_hyacinth,train
/content/water_hyacinth_project/dataset/classification/non_water_hyacinth/_190_augmented_image_315.jpg,non_water_hyacinth,train
/content/water_hyacinth_project/dataset/classification/water_hyacinth/_242_IMG_20230811_163407.jpg,water_hyacinth,train
/content/water_hyacinth_project/dataset/classification/non_water_hyacinth/_150_augmented_image_52.jpg,non_water_hyacinth,train
/content/water_hyacinth_project/dataset/classification/non_water_hyacinth/_286_IMG_20230811_163744.jpg,non_water_hyacinth,train
/content/water_hyacinth_project/dataset/classification/non_water_hyacinth/_555_augmented_image_974.jpg,non_water_hyacinth,train
/content/water_hyacinth_project/dataset/classification/non_water_hyacinth/_406_IMG_20230923_101051.jpg,non_water_hyacinth,train
/content/water_hyacinth_project/dataset/classification/non_water_hyacinth/_74_augmented_image_51.jpg,non_water_hyacinth,train
/content/water_hyacinth_project/dataset/classification/non_water_hyacinth/_798_augmented_image_201.jpg,non_water_hyacinth,train
/content/water_hyacinth_project/dataset/classification/non_water_hyacinth/_195_IMG_20230923_101601.jpg,non_water_hyacinth,train
/content/water_hyacinth_project/dataset/classification/non_water_hyacinth/_718_augmented_image_561.jpg,non_water_hyacinth,train
/content/water_hyacinth_project/dataset/classification/non_water_hyacinth/_887_augmented_image_1002.jpg,non_water_hyacinth,train
/content/water_hyacinth_project/dataset/classification/non_water_hyacinth/_933_augmented_image_435.jpg,non_water_hyacinth,train
/content/water_hyacinth_project/dataset/classification/non_water_hyacinth/_115_IMG_20230923_112210.jpg,non_water_hyacinth,train
/content/water_hyacinth_project/dataset/classification/water_hyacinth/_168_IMG_20230814_210228.jpg,water_hyacinth,train
/content/water_hyacinth_project/dataset/classification/non_water_hyacinth/_883_augmented_image_431.jpg,non_water_hyacinth,train
/content/water_hyacinth_project/dataset/classification/non_water_hyacinth/_50_IMG_20230923_112042.jpg,non_water_hyacinth,train
/content/water_hyacinth_project/dataset/classification/non_water_hyacinth/_771_augmented_image_522.jpg,non_water_hyacinth,train
/content/water_hyacinth_project/dataset/classification/non_water_hyacinth/_332_IMG_20230811_170417.jpg,non_water_hyacinth,train
/content/water_hyacinth_project/dataset/classification/non_water_hyacinth/_568_augmented_image_576.jpg,non_water_hyacinth,train
/content/water_hyacinth_project/dataset/classification/non_water_hyacinth/_928_augmented_image_524.jpg,non_water_hyacinth,train
/content/water_hyacinth_project/dataset/classification/non_water_hyacinth/_646_augmented_image_564.jpg,non_water_hyacinth,train
/content/water_hyacinth_project/dataset/classification/water_hyacinth/_125_IMG_20230813_120218.jpg,water_hyacinth,train
/content/water_hyacinth_project/dataset/classification/non_water_hyacinth/_365_augmented_image_484.jpg,non_water_hyacinth,train
/content/water_hyacinth_project/dataset/classification/non_water_hyacinth/_813_augmented_image_615.jpg,non_water_hyacinth,train
/content/water_hyacinth_project/dataset/classification/water_hyacinth/_268_augmented_image_742.jpg,water_hyacinth,train
/content/water_hyacinth_project/dataset/classification/non_water_hyacinth/_112_IMG_20230923_112342.jpg,non_water_hyacinth,train
/content/water_hyacinth_project/dataset/classification/non_water_hyacinth/_199_IMG_20230923_103438.jpg,non_water_hyacinth,train
/content/water_hyacinth_project/dataset/classification/non_water_hyacinth/_307_IMG_20230923_105530.jpg,non_water_hyacinth,train
/content/water_hyacinth_project/dataset/classification/water_hyacinth/_1438_augmented_image_716.jpg,water_hyacinth,train
/content/water_hyacinth_project/dataset/classification/non_water_hyacinth/_836_augmented_image_353.jpg,non_water_hyacinth,train
/content/water_hyacinth_project/dataset/classification/water_hyacinth/_1787_augmented_image_89.jpg,water_hyacinth,train
/content/water_hyacinth_project/dataset/classification/non_water_hyacinth/_412_augmented_image_159.jpg,non_water_hyacinth,train
/content/water_hyacinth_project/dataset/classification/water_hyacinth/_4955_IMG_20230814_180751.jpg,water_hyacinth,train
/content/water_hyacinth_project/dataset/classification/non_water_hyacinth/_758_augmented_image_173.jpg,non_water_hyacinth,train
/content/water_hyacinth_project/dataset/classification/non_water_hyacinth/_144_IMG_20230923_101102.jpg,non_water_hyacinth,train
/content/water_hyacinth_project/dataset/classification/water_hyacinth/_103_IMG_20230814_210614.jpg,water_hyacinth,train
/content/water_hyacinth_project/dataset/classification/non_water_hyacinth/_283_IMG_20230814_204705.jpg,non_water_hyacinth,train
/content/water_hyacinth_project/dataset/classification/non_water_hyacinth/_383_augmented_image_915.jpg,non_water_hyacinth,train
/content/water_hyacinth_project/dataset/classification/non_water_hyacinth/_474_IMG_20230814_203253.jpg,non_water_hyacinth,train
/content/water_hyacinth_project/dataset/classification/water_hyacinth/_1270_augmented_image_588.jpg,water_hyacinth,train
/content/water_hyacinth_project/dataset/classification/non_water_hyacinth/_342_IMG_20230923_111908.jpg,non_water_hyacinth,train
/content/water_hyacinth_project/dataset/classification/non_water_hyacinth/_562_augmented_image_77.jpg,non_water_hyacinth,train
/content/water_hyacinth_project/dataset/classification/non_water_hyacinth/_435_augmented_image_443.jpg,non_water_hyacinth,train
/content/water_hyacinth_project/dataset/classification/water_hyacinth/_123_IMG_20230814_210342.jpg,water_hyacinth,train
/content/water_hyacinth_project/dataset/classification/non_water_hyacinth/_48_IMG_20230923_112159.jpg,non_water_hyacinth,train
/content/water_hyacinth_project/dataset/classification/non_water_hyacinth/_159_IMG_20230814_174424.jpg,non_water_hyacinth,train
/content/water_hyacinth_project/dataset/classification/non_water_hyacinth/_560_augmented_image_225.jpg,non_water_hyacinth,train
/content/water_hyacinth_project/dataset/classification/non_water_hyacinth/_944_augmented_image_253.jpg,non_water_hyacinth,train
/content/water_hyacinth_project/dataset/classification/water_hyacinth/_661_augmented_image_579.jpg,water_hyacinth,train
/content/water_hyacinth_project/dataset/classification/non_water_hyacinth/_195_IMG_20230926_173102.jpg,non_water_hyacinth,train
/content/water_hyacinth_project/dataset/classification/water_hyacinth/_1221_augmented_image_282.jpg,water_hyacinth,train
/content/water_hyacinth_project/dataset/classification/non_water_hyacinth/_211_IMG_20230923_110940.jpg,non_water_hyacinth,train
/content/water_hyacinth_project/dataset/classification/non_water_hyacinth/_204_augmented_image_207.jpg,non_water_hyacinth,train
/content/water_hyacinth_project/dataset/classification/non_water_hyacinth/_294_augmented_image_27.jpg,non_water_hyacinth,train
/content/water_hyacinth_project/dataset/classification/non_water_hyacinth/_71_augmented_image_884.jpg,non_water_hyacinth,train
/content/water_hyacinth_project/dataset/classification/water_hyacinth/_4572_IMG_20230805_182149 Background Removed.jpg,water_hyacinth,train
/content/water_hyacinth_project/dataset/classification/non_water_hyacinth/_270_augmented_image_588.jpg,non_water_hyacinth,train
/content/water_hyacinth_project/dataset/classification/non_water_hyacinth/_775_augmented_image_97.jpg,non_water_hyacinth,train
/content/water_hyacinth_project/dataset/classification/water_hyacinth/_4608_IMG_20230805_182843.jpg,water_hyacinth,train
/content/water_hyacinth_project/dataset/classification/water_hyacinth/_159_IMG_20230811_173105.jpg,water_hyacinth,train
/content/water_hyacinth_project/dataset/classification/non_water_hyacinth/_512_augmented_image_332.jpg,non_water_hyacinth,train
/content/water_hyacinth_project/dataset/classification/non_water_hyacinth/_810_augmented_image_818.jpg,non_water_hyacinth,train
/content/water_hyacinth_project/dataset/classification/non_water_hyacinth/_733_augmented_image_529.jpg,non_water_hyacinth,train
/content/water_hyacinth_project/dataset/classification/water_hyacinth/_111_augmented_image_380.jpg,water_hyacinth,train
/content/water_hyacinth_project/dataset/classification/non_water_hyacinth/_15_IMG_20230926_172937.jpg,non_water_hyacinth,train
/content/water_hyacinth_project/dataset/classification/water_hyacinth/_730_augmented_image_230.jpg,water_hyacinth,train
/content/water_hyacinth_project/dataset/classification/non_water_hyacinth/_477_augmented_image_326.jpg,non_water_hyacinth,train
/content/water_hyacinth_project/dataset/classification/non_water_hyacinth/_244_augmented_image_491.jpg,non_water_hyacinth,train
/content/water_hyacinth_project/dataset/classification/non_water_hyacinth/_508_augmented_image_658.jpg,non_water_hyacinth,train
/content/water_hyacinth_project/dataset/classification/water_hyacinth/_826_augmented_image_381.jpg,water_hyacinth,train
/content/water_hyacinth_project/dataset/classification/water_hyacinth/_836_augmented_image_837.jpg,water_hyacinth,train
/content/water_hyacinth_project/dataset/classification/water_hyacinth/_1490_augmented_image_211.jpg,water_hyacinth,train
/content/water_hyacinth_project/dataset/classification/non_water_hyacinth/_295_IMG_20230923_110650.jpg,non_water_hyacinth,train
/content/water_hyacinth_project/dataset/classification/water_hyacinth/_84_augmented_image_480.jpg,water_hyacinth,train
/content/water_hyacinth_project/dataset/classification/non_water_hyacinth/_186_IMG_20230926_173124.jpg,non_water_hyacinth,train
/content/water_hyacinth_project/dataset/classification/water_hyacinth/_805_augmented_image_816.jpg,water_hyacinth,train
/content/water_hyacinth_project/dataset/classification/non_water_hyacinth/_35_IMG_20230923_110353.jpg,non_water_hyacinth,train
/content/water_hyacinth_project/dataset/classification/water_hyacinth/_1300_augmented_image_940.jpg,water_hyacinth,train
/content/water_hyacinth_project/dataset/classification/water_hyacinth/_4876_IMG_20230811_171921.jpg,water_hyacinth,train
/content/water_hyacinth_project/dataset/classification/non_water_hyacinth/_581_augmented_image_856.jpg,non_water_hyacinth,train
/content/water_hyacinth_project/dataset/classification/non_water_hyacinth/_117_IMG_20230811_170420.jpg,non_water_hyacinth,train
/content/water_hyacinth_project/dataset/classification/non_water_hyacinth/_979_augmented_image_541.jpg,non_water_hyacinth,train
/content/water_hyacinth_project/dataset/classification/water_hyacinth/_613_augmented_image_507.jpg,water_hyacinth,train
/content/water_hyacinth_project/dataset/classification/non_water_hyacinth/_157_IMG_20230923_101232.jpg,non_water_hyacinth,train
/content/water_hyacinth_project/dataset/classification/water_hyacinth/_1624_augmented_image_134.jpg,water_hyacinth,train
/content/water_hyacinth_project/dataset/classification/non_water_hyacinth/_250_augmented_image_640.jpg,non_water_hyacinth,train
/content/water_hyacinth_project/dataset/classification/water_hyacinth/_877_augmented_image_181.jpg,water_hyacinth,train
/content/water_hyacinth_project/dataset/classification/non_water_hyacinth/_388_augmented_image_888.jpg,non_water_hyacinth,train
/content/water_hyacinth_project/dataset/classification/non_water_hyacinth/_260_IMG_20230923_112446.jpg,non_water_hyacinth,train
/content/water_hyacinth_project/dataset/classification/non_water_hyacinth/_701_augmented_image_153.jpg,non_water_hyacinth,train
/content/water_hyacinth_project/dataset/classification/water_hyacinth/_480_augmented_image_496.jpg,water_hyacinth,train
/content/water_hyacinth_project/dataset/classification/water_hyacinth/_4716_IMG_20230814_180619.jpg,water_hyacinth,train
/content/water_hyacinth_project/dataset/classification/water_hyacinth/_513_augmented_image_304.jpg,water_hyacinth,train
/content/water_hyacinth_project/dataset/classification/non_water_hyacinth/_141_20230818_113758.jpg,non_water_hyacinth,train
/content/water_hyacinth_project/dataset/classification/non_water_hyacinth/_763_augmented_image_684.jpg,non_water_hyacinth,train
/content/water_hyacinth_project/dataset/classification/non_water_hyacinth/_271_IMG_20230923_100549.jpg,non_water_hyacinth,train
/content/water_hyacinth_project/dataset/classification/non_water_hyacinth/_414_20230818_113426.jpg,non_water_hyacinth,train
/content/water_hyacinth_project/dataset/classification/non_water_hyacinth/_293_IMG_20230923_112119.jpg,non_water_hyacinth,train
/content/water_hyacinth_project/dataset/classification/non_water_hyacinth/_554_augmented_image_633.jpg,non_water_hyacinth,train
/content/water_hyacinth_project/dataset/classification/water_hyacinth/_1220_augmented_image_274.jpg,water_hyacinth,train
/content/water_hyacinth_project/dataset/classification/non_water_hyacinth/_235_augmented_image_197.jpg,non_water_hyacinth,train
/content/water_hyacinth_project/dataset/classification/non_water_hyacinth/_162_augmented_image_889.jpg,non_water_hyacinth,train
/content/water_hyacinth_project/dataset/classification/non_water_hyacinth/_308_augmented_image_388.jpg,non_water_hyacinth,train
/content/water_hyacinth_project/dataset/classification/non_water_hyacinth/_108_augmented_image_286.jpg,non_water_hyacinth,train
/content/water_hyacinth_project/dataset/classification/non_water_hyacinth/_68_augmented_image_362.jpg,non_water_hyacinth,train
/content/water_hyacinth_project/dataset/classification/non_water_hyacinth/_10_augmented_image_1033.jpg,non_water_hyacinth,train
/content/water_hyacinth_project/dataset/classification/non_water_hyacinth/_266_augmented_image_718.jpg,non_water_hyacinth,train
/content/water_hyacinth_project/dataset/classification/water_hyacinth/_1649_augmented_image_270.jpg,water_hyacinth,train
/content/water_hyacinth_project/dataset/classification/non_water_hyacinth/_51_augmented_image_600.jpg,non_water_hyacinth,train
/content/water_hyacinth_project/dataset/classification/non_water_hyacinth/_380_IMG_20230923_112236.jpg,non_water_hyacinth,train
/content/water_hyacinth_project/dataset/classification/non_water_hyacinth/_198_IMG_20230923_101506.jpg,non_water_hyacinth,train
/content/water_hyacinth_project/dataset/classification/water_hyacinth/_118_IMG_20230814_180734.jpg,water_hyacinth,train
/content/water_hyacinth_project/dataset/classification/water_hyacinth/_1698_augmented_image_660.jpg,water_hyacinth,train
/content/water_hyacinth_project/dataset/classification/non_water_hyacinth/_675_augmented_image_967.jpg,non_water_hyacinth,train
/content/water_hyacinth_project/dataset/classification/non_water_hyacinth/_406_augmented_image_70.jpg,non_water_hyacinth,train
/content/water_hyacinth_project/dataset/classification/water_hyacinth/_331_IMG_20230805_171636.jpg,water_hyacinth,train
/content/water_hyacinth_project/dataset/classification/non_water_hyacinth/_351_IMG_20230923_111750.jpg,non_water_hyacinth,train
/content/water_hyacinth_project/dataset/classification/non_water_hyacinth/_693_augmented_image_893.jpg,non_water_hyacinth,train
/content/water_hyacinth_project/dataset/classification/water_hyacinth/_773_augmented_image_961.jpg,water_hyacinth,train
/content/water_hyacinth_project/dataset/classification/non_water_hyacinth/_471_augmented_image_87.jpg,non_water_hyacinth,train
/content/water_hyacinth_project/dataset/classification/non_water_hyacinth/_440_20230818_113540.jpg,non_water_hyacinth,train
/content/water_hyacinth_project/dataset/classification/non_water_hyacinth/_50_20230818_115139.jpg,non_water_hyacinth,train
/content/water_hyacinth_project/dataset/classification/water_hyacinth/_1862_augmented_image_866.jpg,water_hyacinth,train
/content/water_hyacinth_project/dataset/classification/non_water_hyacinth/_397_augmented_image_311.jpg,non_water_hyacinth,train
/content/water_hyacinth_project/dataset/classification/non_water_hyacinth/_333_augmented_image_942.jpg,non_water_hyacinth,train
/content/water_hyacinth_project/dataset/classification/non_water_hyacinth/_303_IMG_20230923_103416.jpg,non_water_hyacinth,train
/content/water_hyacinth_project/dataset/classification/water_hyacinth/_4762_IMG_20230811_163338.jpg,water_hyacinth,train
/content/water_hyacinth_project/dataset/classification/non_water_hyacinth/_563_augmented_image_753.jpg,non_water_hyacinth,train
/content/water_hyacinth_project/dataset/classification/non_water_hyacinth/_542_augmented_image_239.jpg,non_water_hyacinth,train
/content/water_hyacinth_project/dataset/classification/non_water_hyacinth/_246_IMG_20230814_174221.jpg,non_water_hyacinth,train
/content/water_hyacinth_project/dataset/classification/water_hyacinth/_445_augmented_image_1000.jpg,water_hyacinth,train
/content/water_hyacinth_project/dataset/classification/non_water_hyacinth/_290_IMG_20230923_105759.jpg,non_water_hyacinth,train
/content/water_hyacinth_project/dataset/classification/water_hyacinth/_435_IMG_20230805_184540.jpg,water_hyacinth,train
/content/water_hyacinth_project/dataset/classification/water_hyacinth/_1741_augmented_image_695.jpg,water_hyacinth,train
/content/water_hyacinth_project/dataset/classification/non_water_hyacinth/_201_IMG_20230811_164510.jpg,non_water_hyacinth,train
/content/water_hyacinth_project/dataset/classification/non_water_hyacinth/_478_20230818_114823.jpg,non_water_hyacinth,train
/content/water_hyacinth_project/dataset/classification/non_water_hyacinth/_232_IMG_20230926_172842.jpg,non_water_hyacinth,train
/content/water_hyacinth_project/dataset/classification/non_water_hyacinth/_395_IMG_20230926_172940.jpg,non_water_hyacinth,train
/content/water_hyacinth_project/dataset/classification/non_water_hyacinth/_284_augmented_image_751.jpg,non_water_hyacinth,train
/content/water_hyacinth_project/dataset/classification/non_water_hyacinth/_873_augmented_image_665.jpg,non_water_hyacinth,train
/content/water_hyacinth_project/dataset/classification/non_water_hyacinth/_539_augmented_image_235.jpg,non_water_hyacinth,train
/content/water_hyacinth_project/dataset/classification/non_water_hyacinth/_17_augmented_image_268.jpg,non_water_hyacinth,train
/content/water_hyacinth_project/dataset/classification/non_water_hyacinth/_43_IMG_20230811_165510.jpg,non_water_hyacinth,train
/content/water_hyacinth_project/dataset/classification/non_water_hyacinth/_528_augmented_image_994.jpg,non_water_hyacinth,train
/content/water_hyacinth_project/dataset/classification/non_water_hyacinth/_196_IMG_20230923_111859.jpg,non_water_hyacinth,train
/content/water_hyacinth_project/dataset/classification/non_water_hyacinth/_24_IMG_20230811_163746.jpg,non_water_hyacinth,train
/content/water_hyacinth_project/dataset/classification/non_water_hyacinth/_911_augmented_image_736.jpg,non_water_hyacinth,train
/content/water_hyacinth_project/dataset/classification/water_hyacinth/_146_augmented_image_968.jpg,water_hyacinth,train
/content/water_hyacinth_project/dataset/classification/water_hyacinth/_4874_IMG_20230805_184812.jpg,water_hyacinth,train
/content/water_hyacinth_project/dataset/classification/non_water_hyacinth/_412_IMG_20230811_165415.jpg,non_water_hyacinth,train
/content/water_hyacinth_project/dataset/classification/non_water_hyacinth/_106_IMG_20230926_173430.jpg,non_water_hyacinth,train
/content/water_hyacinth_project/dataset/classification/non_water_hyacinth/_44_IMG_20230923_112448.jpg,non_water_hyacinth,train
/content/water_hyacinth_project/dataset/classification/non_water_hyacinth/_233_20230812_114109.jpg,non_water_hyacinth,train
/content/water_hyacinth_project/dataset/classification/non_water_hyacinth/_109_IMG_20230923_101723.jpg,non_water_hyacinth,train
/content/water_hyacinth_project/dataset/classification/non_water_hyacinth/_215_IMG_20230811_165323.jpg,non_water_hyacinth,train
/content/water_hyacinth_project/dataset/classification/non_water_hyacinth/_869_augmented_image_241.jpg,non_water_hyacinth,train
/content/water_hyacinth_project/dataset/classification/water_hyacinth/_135_augmented_image_623.jpg,water_hyacinth,train
/content/water_hyacinth_project/dataset/classification/non_water_hyacinth/_838_augmented_image_201.jpg,non_water_hyacinth,train
/content/water_hyacinth_project/dataset/classification/non_water_hyacinth/_124_augmented_image_308.jpg,non_water_hyacinth,train
/content/water_hyacinth_project/dataset/classification/water_hyacinth/_1833_augmented_image_876.jpg,water_hyacinth,train
/content/water_hyacinth_project/dataset/classification/non_water_hyacinth/_269_IMG_20230923_100525.jpg,non_water_hyacinth,train
/content/water_hyacinth_project/dataset/classification/non_water_hyacinth/_330_augmented_image_489.jpg,non_water_hyacinth,train
/content/water_hyacinth_project/dataset/classification/water_hyacinth/_35_augmented_image_796.jpg,water_hyacinth,train
/content/water_hyacinth_project/dataset/classification/non_water_hyacinth/_337_IMG_20230923_100815.jpg,non_water_hyacinth,train
/content/water_hyacinth_project/dataset/classification/non_water_hyacinth/_52_IMG_20230814_203910.jpg,non_water_hyacinth,train
/content/water_hyacinth_project/dataset/classification/non_water_hyacinth/_237_augmented_image_1022.jpg,non_water_hyacinth,train
/content/water_hyacinth_project/dataset/classification/water_hyacinth/_145_augmented_image_283.jpg,water_hyacinth,train
/content/water_hyacinth_project/dataset/classification/non_water_hyacinth/_110_IMG_20230923_101054.jpg,non_water_hyacinth,train
/content/water_hyacinth_project/dataset/classification/non_water_hyacinth/_410_augmented_image_360.jpg,non_water_hyacinth,train
/content/water_hyacinth_project/dataset/classification/non_water_hyacinth/_449_IMG_20230926_172902.jpg,non_water_hyacinth,train
/content/water_hyacinth_project/dataset/classification/water_hyacinth/_124_IMG_20230811_165451.jpg,water_hyacinth,train
/content/water_hyacinth_project/dataset/classification/non_water_hyacinth/_165_augmented_image_953.jpg,non_water_hyacinth,train
/content/water_hyacinth_project/dataset/classification/non_water_hyacinth/_197_20230811_211427.jpg,non_water_hyacinth,train
/content/water_hyacinth_project/dataset/classification/water_hyacinth/_727_augmented_image_684.jpg,water_hyacinth,train
/content/water_hyacinth_project/dataset/classification/water_hyacinth/_4678_IMG_20230811_163405.jpg,water_hyacinth,train
/content/water_hyacinth_project/dataset/classification/water_hyacinth/_1355_augmented_image_566.jpg,water_hyacinth,train
/content/water_hyacinth_project/dataset/classification/non_water_hyacinth/_23_IMG_20230923_111838.jpg,non_water_hyacinth,train
/content/water_hyacinth_project/dataset/classification/non_water_hyacinth/_224_IMG_20230923_103507.jpg,non_water_hyacinth,train
/content/water_hyacinth_project/dataset/classification/non_water_hyacinth/_91_augmented_image_785.jpg,non_water_hyacinth,train
/content/water_hyacinth_project/dataset/classification/non_water_hyacinth/_270_IMG_20230814_202620.jpg,non_water_hyacinth,train
/content/water_hyacinth_project/dataset/classification/water_hyacinth/_733_augmented_image_529.jpg,water_hyacinth,train
/content/water_hyacinth_project/dataset/classification/non_water_hyacinth/_561_augmented_image_924.jpg,non_water_hyacinth,train
/content/water_hyacinth_project/dataset/classification/non_water_hyacinth/_99_augmented_image_409.jpg,non_water_hyacinth,train
/content/water_hyacinth_project/dataset/classification/water_hyacinth/_173_augmented_image_62.jpg,water_hyacinth,train
/content/water_hyacinth_project/dataset/classification/water_hyacinth/_1971_augmented_image_844.jpg,water_hyacinth,train
/content/water_hyacinth_project/dataset/classification/non_water_hyacinth/_260_IMG_20230923_101626.jpg,non_water_hyacinth,train
/content/water_hyacinth_project/dataset/classification/water_hyacinth/_4634_IMG_20230814_180645.jpg,water_hyacinth,train
/content/water_hyacinth_project/dataset/classification/non_water_hyacinth/_433_IMG_20230814_204213.jpg,non_water_hyacinth,train
/content/water_hyacinth_project/dataset/classification/non_water_hyacinth/_128_IMG_20230923_112137.jpg,non_water_hyacinth,train
/content/water_hyacinth_project/dataset/classification/water_hyacinth/_1776_augmented_image_196.jpg,water_hyacinth,train
/content/water_hyacinth_project/dataset/classification/non_water_hyacinth/_608_augmented_image_999.jpg,non_water_hyacinth,train
/content/water_hyacinth_project/dataset/classification/non_water_hyacinth/_90_IMG_20230814_204150.jpg,non_water_hyacinth,train
/content/water_hyacinth_project/dataset/classification/non_water_hyacinth/_79_IMG_20230923_111907.jpg,non_water_hyacinth,train
/content/water_hyacinth_project/dataset/classification/non_water_hyacinth/_755_augmented_image_472.jpg,non_water_hyacinth,train
/content/water_hyacinth_project/dataset/classification/water_hyacinth/_4845_IMG_20230814_210232.jpg,water_hyacinth,train
/content/water_hyacinth_project/dataset/classification/non_water_hyacinth/_147_IMG_20230811_165318.jpg,non_water_hyacinth,train
/content/water_hyacinth_project/dataset/classification/water_hyacinth/_1616_augmented_image_11.jpg,water_hyacinth,train
/content/water_hyacinth_project/dataset/classification/non_water_hyacinth/_223_IMG_20230811_164401.jpg,non_water_hyacinth,train
/content/water_hyacinth_project/dataset/classification/non_water_hyacinth/_154_IMG_20230923_103517.jpg,non_water_hyacinth,train
/content/water_hyacinth_project/dataset/classification/water_hyacinth/_18_IMG_20230805_184319.jpg,water_hyacinth,train
/content/water_hyacinth_project/dataset/classification/non_water_hyacinth/_296_augmented_image_418.jpg,non_water_hyacinth,train
/content/water_hyacinth_project/dataset/classification/non_water_hyacinth/_92_IMG_20230926_173015.jpg,non_water_hyacinth,train
/content/water_hyacinth_project/dataset/classification/non_water_hyacinth/_370_IMG_20230923_111948_1.jpg,non_water_hyacinth,train
/content/water_hyacinth_project/dataset/classification/non_water_hyacinth/_28_augmented_image_369.jpg,non_water_hyacinth,train
/content/water_hyacinth_project/dataset/classification/non_water_hyacinth/_60_augmented_image_989.jpg,non_water_hyacinth,train
/content/water_hyacinth_project/dataset/classification/non_water_hyacinth/_285_IMG_20230923_105326.jpg,non_water_hyacinth,train
/content/water_hyacinth_project/dataset/classification/water_hyacinth/_265_augmented_image_759.jpg,water_hyacinth,train
/content/water_hyacinth_project/dataset/classification/water_hyacinth/_589_augmented_image_337.jpg,water_hyacinth,train
/content/water_hyacinth_project/dataset/classification/non_water_hyacinth/_386_IMG_20230811_163742.jpg,non_water_hyacinth,train
/content/water_hyacinth_project/dataset/classification/water_hyacinth/_283_IMG_20230814_180749.jpg,water_hyacinth,train
/content/water_hyacinth_project/dataset/classification/non_water_hyacinth/_842_augmented_image_834.jpg,non_water_hyacinth,train
/content/water_hyacinth_project/dataset/classification/non_water_hyacinth/_62_IMG_20230923_112307.jpg,non_water_hyacinth,train
/content/water_hyacinth_project/dataset/classification/water_hyacinth/_4963_IMG_20230805_183352.jpg,water_hyacinth,train
/content/water_hyacinth_project/dataset/classification/non_water_hyacinth/_297_IMG_20230923_103129.jpg,non_water_hyacinth,train
/content/water_hyacinth_project/dataset/classification/non_water_hyacinth/_102_20230818_113913.jpg,non_water_hyacinth,train
/content/water_hyacinth_project/dataset/classification/non_water_hyacinth/_294_IMG_20230923_111730.jpg,non_water_hyacinth,train
/content/water_hyacinth_project/dataset/classification/non_water_hyacinth/_952_augmented_image_448.jpg,non_water_hyacinth,train
/content/water_hyacinth_project/dataset/classification/non_water_hyacinth/_353_IMG_20230811_170844.jpg,non_water_hyacinth,train
/content/water_hyacinth_project/dataset/classification/non_water_hyacinth/_594_augmented_image_691.jpg,non_water_hyacinth,train
/content/water_hyacinth_project/dataset/classification/non_water_hyacinth/_244_augmented_image_349.jpg,non_water_hyacinth,train
/content/water_hyacinth_project/dataset/classification/non_water_hyacinth/_306_IMG_20230923_111849.jpg,non_water_hyacinth,train
/content/water_hyacinth_project/dataset/classification/non_water_hyacinth/_424_IMG_20230923_110643.jpg,non_water_hyacinth,train
/content/water_hyacinth_project/dataset/classification/non_water_hyacinth/_422_augmented_image_565.jpg,non_water_hyacinth,train
/content/water_hyacinth_project/dataset/classification/non_water_hyacinth/_458_IMG_20230814_203542.jpg,non_water_hyacinth,train
/content/water_hyacinth_project/dataset/classification/water_hyacinth/_4994_IMG_20230814_180641.jpg,water_hyacinth,train
/content/water_hyacinth_project/dataset/classification/water_hyacinth/_4968_IMG_20230814_210136.jpg,water_hyacinth,train
/content/water_hyacinth_project/dataset/classification/non_water_hyacinth/_967_augmented_image_297.jpg,non_water_hyacinth,train
/content/water_hyacinth_project/dataset/classification/water_hyacinth/_251_IMG_20230814_210451.jpg,water_hyacinth,train
/content/water_hyacinth_project/dataset/classification/water_hyacinth/_1072_augmented_image_868.jpg,water_hyacinth,train
/content/water_hyacinth_project/dataset/classification/non_water_hyacinth/_194_IMG_20230923_105909.jpg,non_water_hyacinth,train
/content/water_hyacinth_project/dataset/classification/water_hyacinth/_1435_augmented_image_271.jpg,water_hyacinth,train
/content/water_hyacinth_project/dataset/classification/non_water_hyacinth/_95_augmented_image_748.jpg,non_water_hyacinth,train
/content/water_hyacinth_project/dataset/classification/non_water_hyacinth/_275_IMG_20230814_204542.jpg,non_water_hyacinth,train
/content/water_hyacinth_project/dataset/classification/non_water_hyacinth/_56_IMG_20230923_105608.jpg,non_water_hyacinth,train
/content/water_hyacinth_project/dataset/classification/non_water_hyacinth/_864_augmented_image_220.jpg,non_water_hyacinth,train
/content/water_hyacinth_project/dataset/classification/water_hyacinth/_420_IMG_20230814_180805.jpg,water_hyacinth,train
/content/water_hyacinth_project/dataset/classification/water_hyacinth/_4937_IMG_20230805_185446.jpg,water_hyacinth,train
/content/water_hyacinth_project/dataset/classification/non_water_hyacinth/_424_20230818_115055.jpg,non_water_hyacinth,train
/content/water_hyacinth_project/dataset/classification/non_water_hyacinth/_144_IMG_20230923_111537.jpg,non_water_hyacinth,train
/content/water_hyacinth_project/dataset/classification/water_hyacinth/_472_augmented_image_423.jpg,water_hyacinth,train
/content/water_hyacinth_project/dataset/classification/non_water_hyacinth/_95_IMG_20230923_100759.jpg,non_water_hyacinth,train
/content/water_hyacinth_project/dataset/classification/water_hyacinth/_1683_augmented_image_234.jpg,water_hyacinth,train
/content/water_hyacinth_project/dataset/classification/non_water_hyacinth/_683_augmented_image_234.jpg,non_water_hyacinth,train
/content/water_hyacinth_project/dataset/classification/non_water_hyacinth/_550_augmented_image_198.jpg,non_water_hyacinth,train
/content/water_hyacinth_project/dataset/classification/non_water_hyacinth/_163_IMG_20230923_101513.jpg,non_water_hyacinth,train
/content/water_hyacinth_project/dataset/classification/water_hyacinth/_21_IMG_20230805_185217.jpg,water_hyacinth,train
/content/water_hyacinth_project/dataset/classification/non_water_hyacinth/_572_augmented_image_301.jpg,non_water_hyacinth,train
/content/water_hyacinth_project/dataset/classification/non_water_hyacinth/_146_augmented_image_968.jpg,non_water_hyacinth,train
/content/water_hyacinth_project/dataset/classification/non_water_hyacinth/_315_IMG_20230923_103519.jpg,non_water_hyacinth,train
/content/water_hyacinth_project/dataset/classification/non_water_hyacinth/_102_IMG_20230926_172918.jpg,non_water_hyacinth,train
/content/water_hyacinth_project/dataset/classification/non_water_hyacinth/_8_augmented_image_992.jpg,non_water_hyacinth,train
/content/water_hyacinth_project/dataset/classification/non_water_hyacinth/_297_IMG_20230923_100603.jpg,non_water_hyacinth,train
/content/water_hyacinth_project/dataset/classification/non_water_hyacinth/_269_20230818_113434.jpg,non_water_hyacinth,train
/content/water_hyacinth_project/dataset/classification/non_water_hyacinth/_865_augmented_image_736.jpg,non_water_hyacinth,train
/content/water_hyacinth_project/dataset/classification/non_water_hyacinth/_712_augmented_image_92.jpg,non_water_hyacinth,train
/content/water_hyacinth_project/dataset/classification/non_water_hyacinth/_206_augmented_image_452.jpg,non_water_hyacinth,train
/content/water_hyacinth_project/dataset/classification/water_hyacinth/_391_IMG_20230814_210045.jpg,water_hyacinth,train
/content/water_hyacinth_project/dataset/classification/non_water_hyacinth/_686_augmented_image_780.jpg,non_water_hyacinth,train
/content/water_hyacinth_project/dataset/classification/non_water_hyacinth/_322_IMG_20230923_103117.jpg,non_water_hyacinth,train
/content/water_hyacinth_project/dataset/classification/water_hyacinth/_69_IMG_20230805_171632.jpg,water_hyacinth,train
/content/water_hyacinth_project/dataset/classification/non_water_hyacinth/_95_IMG_20230923_110625.jpg,non_water_hyacinth,train
/content/water_hyacinth_project/dataset/classification/non_water_hyacinth/_22_IMG_20230923_103452.jpg,non_water_hyacinth,train
/content/water_hyacinth_project/dataset/classification/non_water_hyacinth/_795_augmented_image_389.jpg,non_water_hyacinth,train
/content/water_hyacinth_project/dataset/classification/non_water_hyacinth/_408_20230818_115044.jpg,non_water_hyacinth,train
/content/water_hyacinth_project/dataset/classification/water_hyacinth/_946_augmented_image_602.jpg,water_hyacinth,train
/content/water_hyacinth_project/dataset/classification/water_hyacinth/_4626_IMG_20230811_165431.jpg,water_hyacinth,train
/content/water_hyacinth_project/dataset/classification/non_water_hyacinth/_102_augmented_image_436.jpg,non_water_hyacinth,train
/content/water_hyacinth_project/dataset/classification/non_water_hyacinth/_248_augmented_image_601.jpg,non_water_hyacinth,train
/content/water_hyacinth_project/dataset/classification/non_water_hyacinth/_728_augmented_image_988.jpg,non_water_hyacinth,train
/content/water_hyacinth_project/dataset/classification/non_water_hyacinth/_144_augmented_image_969.jpg,non_water_hyacinth,train
/content/water_hyacinth_project/dataset/classification/non_water_hyacinth/_466_IMG_20230814_204143.jpg,non_water_hyacinth,train
/content/water_hyacinth_project/dataset/classification/non_water_hyacinth/_288_augmented_image_80.jpg,non_water_hyacinth,train
/content/water_hyacinth_project/dataset/classification/water_hyacinth/_769_augmented_image_902.jpg,water_hyacinth,train
/content/water_hyacinth_project/dataset/classification/non_water_hyacinth/_308_IMG_20230923_112458.jpg,non_water_hyacinth,train
/content/water_hyacinth_project/dataset/classification/water_hyacinth/_297_augmented_image_55.jpg,water_hyacinth,train
/content/water_hyacinth_project/dataset/classification/water_hyacinth/_1453_augmented_image_896.jpg,water_hyacinth,train
/content/water_hyacinth_project/dataset/classification/non_water_hyacinth/_247_IMG_20230923_112136.jpg,non_water_hyacinth,train
/content/water_hyacinth_project/dataset/classification/non_water_hyacinth/_275_augmented_image_543.jpg,non_water_hyacinth,train
/content/water_hyacinth_project/dataset/classification/non_water_hyacinth/_189_20230818_113757.jpg,non_water_hyacinth,train
/content/water_hyacinth_project/dataset/classification/non_water_hyacinth/_227_augmented_image_701.jpg,non_water_hyacinth,train
/content/water_hyacinth_project/dataset/classification/non_water_hyacinth/_688_augmented_image_1028.jpg,non_water_hyacinth,train
/content/water_hyacinth_project/dataset/classification/water_hyacinth/_4802_IMG_20230814_180743_1.jpg,water_hyacinth,train
/content/water_hyacinth_project/dataset/classification/non_water_hyacinth/_849_augmented_image_937.jpg,non_water_hyacinth,train
/content/water_hyacinth_project/dataset/classification/water_hyacinth/_1455_augmented_image_326.jpg,water_hyacinth,train
/content/water_hyacinth_project/dataset/classification/non_water_hyacinth/_454_20230818_113542.jpg,non_water_hyacinth,train
/content/water_hyacinth_project/dataset/classification/water_hyacinth/_1382_augmented_image_676.jpg,water_hyacinth,train
/content/water_hyacinth_project/dataset/classification/water_hyacinth/_99_IMG_20230811_173135.jpg,water_hyacinth,train
/content/water_hyacinth_project/dataset/classification/water_hyacinth/_475_augmented_image_544.jpg,water_hyacinth,train
/content/water_hyacinth_project/dataset/classification/non_water_hyacinth/_150_IMG_20230926_173254.jpg,non_water_hyacinth,train
/content/water_hyacinth_project/dataset/classification/water_hyacinth/_1815_augmented_image_54.jpg,water_hyacinth,train
/content/water_hyacinth_project/dataset/classification/non_water_hyacinth/_255_augmented_image_735.jpg,non_water_hyacinth,train
/content/water_hyacinth_project/dataset/classification/non_water_hyacinth/_125_augmented_image_35.jpg,non_water_hyacinth,train
/content/water_hyacinth_project/dataset/classification/non_water_hyacinth/_352_augmented_image_285.jpg,non_water_hyacinth,train
/content/water_hyacinth_project/dataset/classification/non_water_hyacinth/_400_augmented_image_492.jpg,non_water_hyacinth,train
/content/water_hyacinth_project/dataset/classification/non_water_hyacinth/_436_augmented_image_659.jpg,non_water_hyacinth,train
/content/water_hyacinth_project/dataset/classification/non_water_hyacinth/_483_augmented_image_559.jpg,non_water_hyacinth,train
/content/water_hyacinth_project/dataset/classification/non_water_hyacinth/_521_augmented_image_468.jpg,non_water_hyacinth,train
/content/water_hyacinth_project/dataset/classification/non_water_hyacinth/_78_IMG_20230923_100300.jpg,non_water_hyacinth,train
/content/water_hyacinth_project/dataset/classification/water_hyacinth/_239_IMG_20230805_183503.jpg,water_hyacinth,train
/content/water_hyacinth_project/dataset/classification/non_water_hyacinth/_264_IMG_20230926_173333.jpg,non_water_hyacinth,train
/content/water_hyacinth_project/dataset/classification/non_water_hyacinth/_350_augmented_image_364.jpg,non_water_hyacinth,train
/content/water_hyacinth_project/dataset/classification/water_hyacinth/_1651_augmented_image_295.jpg,water_hyacinth,train
/content/water_hyacinth_project/dataset/classification/water_hyacinth/_419_IMG_20230805_183543.jpg,water_hyacinth,train
/content/water_hyacinth_project/dataset/classification/non_water_hyacinth/_276_IMG_20230811_165153.jpg,non_water_hyacinth,train
/content/water_hyacinth_project/dataset/classification/non_water_hyacinth/_24_augmented_image_48.jpg,non_water_hyacinth,train
/content/water_hyacinth_project/dataset/classification/water_hyacinth/_4607_IMG_20230805_165617.jpg,water_hyacinth,train
/content/water_hyacinth_project/dataset/classification/water_hyacinth/_1927_augmented_image_724.jpg,water_hyacinth,train
/content/water_hyacinth_project/dataset/classification/water_hyacinth/_99_augmented_image_409.jpg,water_hyacinth,train
/content/water_hyacinth_project/dataset/classification/non_water_hyacinth/_273_IMG_20230923_100433.jpg,non_water_hyacinth,train
/content/water_hyacinth_project/dataset/classification/non_water_hyacinth/_436_IMG_20230814_203600.jpg,non_water_hyacinth,train
/content/water_hyacinth_project/dataset/classification/non_water_hyacinth/_147_IMG_20230814_174756_1.jpg,non_water_hyacinth,train
/content/water_hyacinth_project/dataset/classification/non_water_hyacinth/_16_augmented_image_778.jpg,non_water_hyacinth,train
/content/water_hyacinth_project/dataset/classification/non_water_hyacinth/_604_augmented_image_193.jpg,non_water_hyacinth,train
/content/water_hyacinth_project/dataset/classification/non_water_hyacinth/_342_IMG_20230923_100740.jpg,non_water_hyacinth,train
/content/water_hyacinth_project/dataset/classification/non_water_hyacinth/_119_augmented_image_380.jpg,non_water_hyacinth,train
/content/water_hyacinth_project/dataset/classification/non_water_hyacinth/_813_augmented_image_998.jpg,non_water_hyacinth,train
/content/water_hyacinth_project/dataset/classification/non_water_hyacinth/_230_augmented_image_165.jpg,non_water_hyacinth,train
/content/water_hyacinth_project/dataset/classification/water_hyacinth/_115_IMG_20230811_173114.jpg,water_hyacinth,train
/content/water_hyacinth_project/dataset/classification/non_water_hyacinth/_113_augmented_image_637.jpg,non_water_hyacinth,train
/content/water_hyacinth_project/dataset/classification/water_hyacinth/_1347_augmented_image_484.jpg,water_hyacinth,train
/content/water_hyacinth_project/dataset/classification/non_water_hyacinth/_174_augmented_image_880.jpg,non_water_hyacinth,train
/content/water_hyacinth_project/dataset/classification/water_hyacinth/_4735_IMG_20230804_090220.jpg,water_hyacinth,train
/content/water_hyacinth_project/dataset/classification/water_hyacinth/_4808_IMG_20230805_165728.jpg,water_hyacinth,train
/content/water_hyacinth_project/dataset/classification/water_hyacinth/_4569_IMG_20230811_165222.jpg,water_hyacinth,train
/content/water_hyacinth_project/dataset/classification/non_water_hyacinth/_636_augmented_image_670.jpg,non_water_hyacinth,train
/content/water_hyacinth_project/dataset/classification/non_water_hyacinth/_153_IMG_20230814_204608.jpg,non_water_hyacinth,train
/content/water_hyacinth_project/dataset/classification/non_water_hyacinth/_234_IMG_20230926_173447.jpg,non_water_hyacinth,train
/content/water_hyacinth_project/dataset/classification/water_hyacinth/_1351_augmented_image_373.jpg,water_hyacinth,train
/content/water_hyacinth_project/dataset/classification/water_hyacinth/_1669_augmented_image_376.jpg,water_hyacinth,train
/content/water_hyacinth_project/dataset/classification/water_hyacinth/_75_20230812_114935 Background Removed.jpg,water_hyacinth,train
/content/water_hyacinth_project/dataset/classification/water_hyacinth/_4969_IMG_20230814_210051.jpg,water_hyacinth,train
/content/water_hyacinth_project/dataset/classification/water_hyacinth/_193_IMG_20230805_183323.jpg,water_hyacinth,train
/content/water_hyacinth_project/dataset/classification/non_water_hyacinth/_558_augmented_image_667.jpg,non_water_hyacinth,train
/content/water_hyacinth_project/dataset/classification/non_water_hyacinth/_101_augmented_image_457.jpg,non_water_hyacinth,train
/content/water_hyacinth_project/dataset/classification/non_water_hyacinth/_213_IMG_20230811_170845.jpg,non_water_hyacinth,train
/content/water_hyacinth_project/dataset/classification/non_water_hyacinth/_700_augmented_image_46.jpg,non_water_hyacinth,train
/content/water_hyacinth_project/dataset/classification/non_water_hyacinth/_255_IMG_20230811_170055.jpg,non_water_hyacinth,train
/content/water_hyacinth_project/dataset/classification/non_water_hyacinth/_315_IMG_20230923_110748.jpg,non_water_hyacinth,train
/content/water_hyacinth_project/dataset/classification/non_water_hyacinth/_42_augmented_image_795.jpg,non_water_hyacinth,train
/content/water_hyacinth_project/dataset/classification/non_water_hyacinth/_302_IMG_20230811_170756.jpg,non_water_hyacinth,train
/content/water_hyacinth_project/dataset/classification/non_water_hyacinth/_101_augmented_image_88.jpg,non_water_hyacinth,train
/content/water_hyacinth_project/dataset/classification/non_water_hyacinth/_16_20230818_113244.jpg,non_water_hyacinth,train
/content/water_hyacinth_project/dataset/classification/non_water_hyacinth/_268_IMG_20230811_170059.jpg,non_water_hyacinth,train
/content/water_hyacinth_project/dataset/classification/non_water_hyacinth/_407_augmented_image_391.jpg,non_water_hyacinth,train
/content/water_hyacinth_project/dataset/classification/water_hyacinth/_189_20230812_113930.jpg,water_hyacinth,train
/content/water_hyacinth_project/dataset/classification/non_water_hyacinth/_125_20230812_113842.jpg,non_water_hyacinth,train
/content/water_hyacinth_project/dataset/classification/water_hyacinth/_4690_IMG_20230811_163349.jpg,water_hyacinth,train
/content/water_hyacinth_project/dataset/classification/water_hyacinth/_528_augmented_image_633.jpg,water_hyacinth,train
/content/water_hyacinth_project/dataset/classification/water_hyacinth/_311_augmented_image_594.jpg,water_hyacinth,train
/content/water_hyacinth_project/dataset/classification/non_water_hyacinth/_107_augmented_image_378.jpg,non_water_hyacinth,train
/content/water_hyacinth_project/dataset/classification/water_hyacinth/_4887_IMG_20230811_173100.jpg,water_hyacinth,train
/content/water_hyacinth_project/dataset/classification/water_hyacinth/_316_augmented_image_444.jpg,water_hyacinth,train
/content/water_hyacinth_project/dataset/classification/water_hyacinth/_4997_IMG_20230805_184704.jpg,water_hyacinth,train
/content/water_hyacinth_project/dataset/classification/non_water_hyacinth/_115_augmented_image_378.jpg,non_water_hyacinth,train
/content/water_hyacinth_project/dataset/classification/water_hyacinth/_1751_augmented_image_14.jpg,water_hyacinth,train
/content/water_hyacinth_project/dataset/classification/non_water_hyacinth/_120_IMG_20230814_204312.jpg,non_water_hyacinth,train
/content/water_hyacinth_project/dataset/classification/water_hyacinth/_963_augmented_image_846.jpg,water_hyacinth,train
/content/water_hyacinth_project/dataset/classification/non_water_hyacinth/_175_20230818_114828.jpg,non_water_hyacinth,train
/content/water_hyacinth_project/dataset/classification/non_water_hyacinth/_357_augmented_image_356.jpg,non_water_hyacinth,train
/content/water_hyacinth_project/dataset/classification/water_hyacinth/_1153_augmented_image_889.jpg,water_hyacinth,train
/content/water_hyacinth_project/dataset/classification/non_water_hyacinth/_998_augmented_image_783.jpg,non_water_hyacinth,train
/content/water_hyacinth_project/dataset/classification/non_water_hyacinth/_914_augmented_image_950.jpg,non_water_hyacinth,train
/content/water_hyacinth_project/dataset/classification/water_hyacinth/_4852_20230812_114932 Background Removed.jpg,water_hyacinth,train
/content/water_hyacinth_project/dataset/classification/water_hyacinth/_155_IMG_20230805_182059 Background Removed.jpg,water_hyacinth,train
/content/water_hyacinth_project/dataset/classification/non_water_hyacinth/_650_augmented_image_210.jpg,non_water_hyacinth,train
/content/water_hyacinth_project/dataset/classification/water_hyacinth/_979_augmented_image_541.jpg,water_hyacinth,train
/content/water_hyacinth_project/dataset/classification/non_water_hyacinth/_513_augmented_image_304.jpg,non_water_hyacinth,train
/content/water_hyacinth_project/dataset/classification/non_water_hyacinth/_583_augmented_image_971.jpg,non_water_hyacinth,train
/content/water_hyacinth_project/dataset/classification/non_water_hyacinth/_249_augmented_image_430.jpg,non_water_hyacinth,train
/content/water_hyacinth_project/dataset/classification/non_water_hyacinth/_636_augmented_image_280.jpg,non_water_hyacinth,train
/content/water_hyacinth_project/dataset/classification/non_water_hyacinth/_434_IMG_20230923_111008.jpg,non_water_hyacinth,train
/content/water_hyacinth_project/dataset/classification/non_water_hyacinth/_56_IMG_20230811_170832.jpg,non_water_hyacinth,train
/content/water_hyacinth_project/dataset/classification/water_hyacinth/_1874_augmented_image_820.jpg,water_hyacinth,train
/content/water_hyacinth_project/dataset/classification/water_hyacinth/_4673_IMG_20230811_171926.jpg,water_hyacinth,train
/content/water_hyacinth_project/dataset/classification/non_water_hyacinth/_804_augmented_image_1037.jpg,non_water_hyacinth,train
/content/water_hyacinth_project/dataset/classification/water_hyacinth/_388_IMG_20230805_183330.jpg,water_hyacinth,train
/content/water_hyacinth_project/dataset/classification/water_hyacinth/_546_augmented_image_317.jpg,water_hyacinth,train
/content/water_hyacinth_project/dataset/classification/non_water_hyacinth/_973_augmented_image_768.jpg,non_water_hyacinth,train
/content/water_hyacinth_project/dataset/classification/non_water_hyacinth/_155_augmented_image_968.jpg,non_water_hyacinth,train
/content/water_hyacinth_project/dataset/classification/water_hyacinth/_1527_augmented_image_916.jpg,water_hyacinth,train
/content/water_hyacinth_project/dataset/classification/non_water_hyacinth/_562_augmented_image_162.jpg,non_water_hyacinth,train
/content/water_hyacinth_project/dataset/classification/water_hyacinth/_4901_IMG_20230804_090624.jpg,water_hyacinth,train
/content/water_hyacinth_project/dataset/classification/non_water_hyacinth/_396_augmented_image_73.jpg,non_water_hyacinth,train
/content/water_hyacinth_project/dataset/classification/non_water_hyacinth/_297_augmented_image_55.jpg,non_water_hyacinth,train
/content/water_hyacinth_project/dataset/classification/non_water_hyacinth/_700_augmented_image_775.jpg,non_water_hyacinth,train
/content/water_hyacinth_project/dataset/classification/non_water_hyacinth/_443_IMG_20230923_101658.jpg,non_water_hyacinth,train
/content/water_hyacinth_project/dataset/classification/water_hyacinth/_1544_augmented_image_363.jpg,water_hyacinth,train
/content/water_hyacinth_project/dataset/classification/water_hyacinth/_470_augmented_image_243.jpg,water_hyacinth,train
/content/water_hyacinth_project/dataset/classification/non_water_hyacinth/_102_20230812_113849.jpg,non_water_hyacinth,train
/content/water_hyacinth_project/dataset/classification/non_water_hyacinth/_401_augmented_image_781.jpg,non_water_hyacinth,train
/content/water_hyacinth_project/dataset/classification/non_water_hyacinth/_148_IMG_20230811_170421.jpg,non_water_hyacinth,train
/content/water_hyacinth_project/dataset/classification/non_water_hyacinth/_735_augmented_image_125.jpg,non_water_hyacinth,train
/content/water_hyacinth_project/dataset/classification/non_water_hyacinth/_268_augmented_image_735.jpg,non_water_hyacinth,train
/content/water_hyacinth_project/dataset/classification/non_water_hyacinth/_273_IMG_20230926_172858.jpg,non_water_hyacinth,train
/content/water_hyacinth_project/dataset/classification/non_water_hyacinth/_360_IMG_20230923_112400.jpg,non_water_hyacinth,train
/content/water_hyacinth_project/dataset/classification/non_water_hyacinth/_222_IMG_20230923_103405.jpg,non_water_hyacinth,train
/content/water_hyacinth_project/dataset/classification/non_water_hyacinth/_370_augmented_image_82.jpg,non_water_hyacinth,train
/content/water_hyacinth_project/dataset/classification/non_water_hyacinth/_459_augmented_image_804.jpg,non_water_hyacinth,train
/content/water_hyacinth_project/dataset/classification/non_water_hyacinth/_235_IMG_20230923_100522.jpg,non_water_hyacinth,train
/content/water_hyacinth_project/dataset/classification/non_water_hyacinth/_380_20230818_113916.jpg,non_water_hyacinth,train
/content/water_hyacinth_project/dataset/classification/water_hyacinth/_1441_augmented_image_91.jpg,water_hyacinth,train
/content/water_hyacinth_project/dataset/classification/non_water_hyacinth/_516_augmented_image_90.jpg,non_water_hyacinth,train
/content/water_hyacinth_project/dataset/classification/water_hyacinth/_1328_augmented_image_686.jpg,water_hyacinth,train
/content/water_hyacinth_project/dataset/classification/non_water_hyacinth/_720_augmented_image_793.jpg,non_water_hyacinth,train
/content/water_hyacinth_project/dataset/classification/non_water_hyacinth/_168_IMG_20230923_101058.jpg,non_water_hyacinth,train
/content/water_hyacinth_project/dataset/classification/water_hyacinth/_4900_IMG_20230811_165453.jpg,water_hyacinth,train
/content/water_hyacinth_project/dataset/classification/non_water_hyacinth/_6_IMG_20230926_173444.jpg,non_water_hyacinth,train
/content/water_hyacinth_project/dataset/classification/water_hyacinth/_4766_IMG_20230805_184442.jpg,water_hyacinth,train
/content/water_hyacinth_project/dataset/classification/non_water_hyacinth/_941_augmented_image_368.jpg,non_water_hyacinth,train
/content/water_hyacinth_project/dataset/classification/non_water_hyacinth/_222_augmented_image_591.jpg,non_water_hyacinth,train
/content/water_hyacinth_project/dataset/classification/water_hyacinth/_1990_augmented_image_503.jpg,water_hyacinth,train
/content/water_hyacinth_project/dataset/classification/non_water_hyacinth/_51_IMG_20230923_101228.jpg,non_water_hyacinth,train
/content/water_hyacinth_project/dataset/classification/non_water_hyacinth/_43_IMG_20230923_110406.jpg,non_water_hyacinth,train
/content/water_hyacinth_project/dataset/classification/non_water_hyacinth/_269_IMG_20230926_173150.jpg,non_water_hyacinth,train
/content/water_hyacinth_project/dataset/classification/water_hyacinth/_197_IMG_20230814_180806.jpg,water_hyacinth,train
/content/water_hyacinth_project/dataset/classification/water_hyacinth/_1196_augmented_image_677.jpg,water_hyacinth,train
/content/water_hyacinth_project/dataset/classification/non_water_hyacinth/_920_augmented_image_820.jpg,non_water_hyacinth,train
/content/water_hyacinth_project/dataset/classification/non_water_hyacinth/_52_augmented_image_227.jpg,non_water_hyacinth,train
/content/water_hyacinth_project/dataset/classification/water_hyacinth/_21_augmented_image_960.jpg,water_hyacinth,train
/content/water_hyacinth_project/dataset/classification/non_water_hyacinth/_438_IMG_20230926_173638.jpg,non_water_hyacinth,train
/content/water_hyacinth_project/dataset/classification/water_hyacinth/_1496_augmented_image_930.jpg,water_hyacinth,train
/content/water_hyacinth_project/dataset/classification/water_hyacinth/_1060_augmented_image_989.jpg,water_hyacinth,train
/content/water_hyacinth_project/dataset/classification/water_hyacinth/_572_augmented_image_69.jpg,water_hyacinth,train
/content/water_hyacinth_project/dataset/classification/non_water_hyacinth/_483_augmented_image_730.jpg,non_water_hyacinth,train
/content/water_hyacinth_project/dataset/classification/non_water_hyacinth/_264_IMG_20230811_164430_1.jpg,non_water_hyacinth,train
/content/water_hyacinth_project/dataset/classification/water_hyacinth/_4999_IMG_20230805_183001.jpg,water_hyacinth,train
/content/water_hyacinth_project/dataset/classification/non_water_hyacinth/_590_augmented_image_622.jpg,non_water_hyacinth,train
/content/water_hyacinth_project/dataset/classification/non_water_hyacinth/_321_IMG_20230811_165151.jpg,non_water_hyacinth,train
/content/water_hyacinth_project/dataset/classification/non_water_hyacinth/_880_augmented_image_837.jpg,non_water_hyacinth,train
/content/water_hyacinth_project/dataset/classification/water_hyacinth/_1090_augmented_image_970.jpg,water_hyacinth,train
/content/water_hyacinth_project/dataset/classification/water_hyacinth/_1242_augmented_image_505.jpg,water_hyacinth,train
/content/water_hyacinth_project/dataset/classification/water_hyacinth/_4646_IMG_20230805_183548.jpg,water_hyacinth,train
/content/water_hyacinth_project/dataset/classification/water_hyacinth/_4538_IMG_20230811_165219.jpg,water_hyacinth,train
/content/water_hyacinth_project/dataset/classification/non_water_hyacinth/_454_augmented_image_922.jpg,non_water_hyacinth,train
/content/water_hyacinth_project/dataset/classification/non_water_hyacinth/_157_augmented_image_478.jpg,non_water_hyacinth,train
/content/water_hyacinth_project/dataset/classification/non_water_hyacinth/_264_20230818_114747.jpg,non_water_hyacinth,train
/content/water_hyacinth_project/dataset/classification/non_water_hyacinth/_221_20230812_114103.jpg,non_water_hyacinth,train
/content/water_hyacinth_project/dataset/classification/non_water_hyacinth/_125_20230818_115141.jpg,non_water_hyacinth,train
/content/water_hyacinth_project/dataset/classification/non_water_hyacinth/_333_20230812_114117.jpg,non_water_hyacinth,train
/content/water_hyacinth_project/dataset/classification/non_water_hyacinth/_193_IMG_20230923_112345.jpg,non_water_hyacinth,train
/content/water_hyacinth_project/dataset/classification/non_water_hyacinth/_216_IMG_20230814_175756.jpg,non_water_hyacinth,train
/content/water_hyacinth_project/dataset/classification/non_water_hyacinth/_848_augmented_image_177.jpg,non_water_hyacinth,train
/content/water_hyacinth_project/dataset/classification/non_water_hyacinth/_183_IMG_20230923_105809.jpg,non_water_hyacinth,train
/content/water_hyacinth_project/dataset/classification/non_water_hyacinth/_411_IMG_20230923_110838.jpg,non_water_hyacinth,train
/content/water_hyacinth_project/dataset/classification/non_water_hyacinth/_1027_augmented_image_873.jpg,non_water_hyacinth,train
/content/water_hyacinth_project/dataset/classification/water_hyacinth/_525_augmented_image_281.jpg,water_hyacinth,train
/content/water_hyacinth_project/dataset/classification/non_water_hyacinth/_118_IMG_20230811_165313.jpg,non_water_hyacinth,train
/content/water_hyacinth_project/dataset/classification/non_water_hyacinth/_97_augmented_image_413.jpg,non_water_hyacinth,train
/content/water_hyacinth_project/dataset/classification/non_water_hyacinth/_9_IMG_20230923_100911.jpg,non_water_hyacinth,train
/content/water_hyacinth_project/dataset/classification/non_water_hyacinth/_304_augmented_image_723.jpg,non_water_hyacinth,train
/content/water_hyacinth_project/dataset/classification/non_water_hyacinth/_631_augmented_image_921.jpg,non_water_hyacinth,train
/content/water_hyacinth_project/dataset/classification/non_water_hyacinth/_378_augmented_image_287.jpg,non_water_hyacinth,train
/content/water_hyacinth_project/dataset/classification/non_water_hyacinth/_169_20230818_114918.jpg,non_water_hyacinth,train
/content/water_hyacinth_project/dataset/classification/non_water_hyacinth/_31_augmented_image_81.jpg,non_water_hyacinth,train
/content/water_hyacinth_project/dataset/classification/non_water_hyacinth/_438_augmented_image_928.jpg,non_water_hyacinth,train
/content/water_hyacinth_project/dataset/classification/water_hyacinth/_4672_IMG_20230805_185134.jpg,water_hyacinth,train
/content/water_hyacinth_project/dataset/classification/non_water_hyacinth/_384_augmented_image_25.jpg,non_water_hyacinth,train
/content/water_hyacinth_project/dataset/classification/non_water_hyacinth/_391_IMG_20230814_202918.jpg,non_water_hyacinth,train
/content/water_hyacinth_project/dataset/classification/non_water_hyacinth/_329_20230818_113431.jpg,non_water_hyacinth,train
/content/water_hyacinth_project/dataset/classification/water_hyacinth/_258_augmented_image_573.jpg,water_hyacinth,train
/content/water_hyacinth_project/dataset/classification/non_water_hyacinth/_291_IMG_20230923_100738.jpg,non_water_hyacinth,train
/content/water_hyacinth_project/dataset/classification/non_water_hyacinth/_538_augmented_image_262.jpg,non_water_hyacinth,train
/content/water_hyacinth_project/dataset/classification/non_water_hyacinth/_129_20230818_114705.jpg,non_water_hyacinth,train
/content/water_hyacinth_project/dataset/classification/non_water_hyacinth/_89_IMG_20230814_203531.jpg,non_water_hyacinth,train
/content/water_hyacinth_project/dataset/classification/water_hyacinth/_22_IMG_20230811_172444.jpg,water_hyacinth,train
/content/water_hyacinth_project/dataset/classification/water_hyacinth/_295_augmented_image_956.jpg,water_hyacinth,train
/content/water_hyacinth_project/dataset/classification/non_water_hyacinth/_528_augmented_image_633.jpg,non_water_hyacinth,train
/content/water_hyacinth_project/dataset/classification/water_hyacinth/_494_augmented_image_769.jpg,water_hyacinth,train
/content/water_hyacinth_project/dataset/classification/non_water_hyacinth/_1048_augmented_image_238.jpg,non_water_hyacinth,train
/content/water_hyacinth_project/dataset/classification/water_hyacinth/_4834_20230812_113933.jpg,water_hyacinth,train
/content/water_hyacinth_project/dataset/classification/non_water_hyacinth/_1018_augmented_image_713.jpg,non_water_hyacinth,train
/content/water_hyacinth_project/dataset/classification/water_hyacinth/_883_augmented_image_431.jpg,water_hyacinth,train
/content/water_hyacinth_project/dataset/classification/water_hyacinth/_903_augmented_image_217.jpg,water_hyacinth,train
/content/water_hyacinth_project/dataset/classification/water_hyacinth/_4630_IMG_20230811_171930.jpg,water_hyacinth,train
/content/water_hyacinth_project/dataset/classification/non_water_hyacinth/_130_20230818_115010.jpg,non_water_hyacinth,train
/content/water_hyacinth_project/dataset/classification/non_water_hyacinth/_793_augmented_image_635.jpg,non_water_hyacinth,train
/content/water_hyacinth_project/dataset/classification/water_hyacinth/_1953_augmented_image_471.jpg,water_hyacinth,train
/content/water_hyacinth_project/dataset/classification/non_water_hyacinth/_434_augmented_image_461.jpg,non_water_hyacinth,train
/content/water_hyacinth_project/dataset/classification/water_hyacinth/_1413_augmented_image_400.jpg,water_hyacinth,train
/content/water_hyacinth_project/dataset/classification/non_water_hyacinth/_168_IMG_20230923_112505.jpg,non_water_hyacinth,train
/content/water_hyacinth_project/dataset/classification/non_water_hyacinth/_216_augmented_image_641.jpg,non_water_hyacinth,train
/content/water_hyacinth_project/dataset/classification/non_water_hyacinth/_205_IMG_20230814_203059.jpg,non_water_hyacinth,train
/content/water_hyacinth_project/dataset/classification/water_hyacinth/_1839_augmented_image_643.jpg,water_hyacinth,train
/content/water_hyacinth_project/dataset/classification/non_water_hyacinth/_204_augmented_image_462.jpg,non_water_hyacinth,train
/content/water_hyacinth_project/dataset/classification/non_water_hyacinth/_797_augmented_image_883.jpg,non_water_hyacinth,train
/content/water_hyacinth_project/dataset/classification/non_water_hyacinth/_111_IMG_20230923_100928.jpg,non_water_hyacinth,train
/content/water_hyacinth_project/dataset/classification/non_water_hyacinth/_444_augmented_image_284.jpg,non_water_hyacinth,train
/content/water_hyacinth_project/dataset/classification/water_hyacinth/_447_augmented_image_102.jpg,water_hyacinth,train
/content/water_hyacinth_project/dataset/classification/non_water_hyacinth/_846_augmented_image_681.jpg,non_water_hyacinth,train
/content/water_hyacinth_project/dataset/classification/non_water_hyacinth/_320_IMG_20230926_173433.jpg,non_water_hyacinth,train
/content/water_hyacinth_project/dataset/classification/non_water_hyacinth/_21_IMG_20230923_105628.jpg,non_water_hyacinth,train
/content/water_hyacinth_project/dataset/classification/water_hyacinth/_459_IMG_20230805_184645.jpg,water_hyacinth,train
/content/water_hyacinth_project/dataset/classification/non_water_hyacinth/_479_IMG_20230923_103423.jpg,non_water_hyacinth,train
/content/water_hyacinth_project/dataset/classification/non_water_hyacinth/_212_20230811_211328.jpg,non_water_hyacinth,train
/content/water_hyacinth_project/dataset/classification/non_water_hyacinth/_248_IMG_20230923_111918.jpg,non_water_hyacinth,train
/content/water_hyacinth_project/dataset/classification/non_water_hyacinth/_259_augmented_image_126.jpg,non_water_hyacinth,train
/content/water_hyacinth_project/dataset/classification/water_hyacinth/_1818_augmented_image_982.jpg,water_hyacinth,train
/content/water_hyacinth_project/dataset/classification/non_water_hyacinth/_243_augmented_image_203.jpg,non_water_hyacinth,train
/content/water_hyacinth_project/dataset/classification/non_water_hyacinth/_946_augmented_image_556.jpg,non_water_hyacinth,train
/content/water_hyacinth_project/dataset/classification/non_water_hyacinth/_272_IMG_20230923_105658.jpg,non_water_hyacinth,train
/content/water_hyacinth_project/dataset/classification/non_water_hyacinth/_98_IMG_20230923_103444.jpg,non_water_hyacinth,train
/content/water_hyacinth_project/dataset/classification/water_hyacinth/_66_IMG_20230811_163835.jpg,water_hyacinth,train
/content/water_hyacinth_project/dataset/classification/non_water_hyacinth/_209_IMG_20230811_163720.jpg,non_water_hyacinth,train
/content/water_hyacinth_project/dataset/classification/non_water_hyacinth/_987_augmented_image_94.jpg,non_water_hyacinth,train
/content/water_hyacinth_project/dataset/classification/non_water_hyacinth/_349_augmented_image_222.jpg,non_water_hyacinth,train
/content/water_hyacinth_project/dataset/classification/non_water_hyacinth/_814_augmented_image_764.jpg,non_water_hyacinth,train
/content/water_hyacinth_project/dataset/classification/water_hyacinth/_1418_augmented_image_928.jpg,water_hyacinth,train
/content/water_hyacinth_project/dataset/classification/water_hyacinth/_760_augmented_image_161.jpg,water_hyacinth,train
/content/water_hyacinth_project/dataset/classification/non_water_hyacinth/_616_augmented_image_11.jpg,non_water_hyacinth,train
/content/water_hyacinth_project/dataset/classification/non_water_hyacinth/_658_augmented_image_717.jpg,non_water_hyacinth,train
/content/water_hyacinth_project/dataset/classification/non_water_hyacinth/_328_augmented_image_686.jpg,non_water_hyacinth,train
/content/water_hyacinth_project/dataset/classification/non_water_hyacinth/_920_augmented_image_167.jpg,non_water_hyacinth,train
/content/water_hyacinth_project/dataset/classification/non_water_hyacinth/_833_augmented_image_635.jpg,non_water_hyacinth,train
/content/water_hyacinth_project/dataset/classification/non_water_hyacinth/_976_augmented_image_894.jpg,non_water_hyacinth,train
/content/water_hyacinth_project/dataset/classification/non_water_hyacinth/_347_IMG_20230926_173733.jpg,non_water_hyacinth,train
/content/water_hyacinth_project/dataset/classification/non_water_hyacinth/_731_augmented_image_4.jpg,non_water_hyacinth,train
/content/water_hyacinth_project/dataset/classification/non_water_hyacinth/_419_IMG_20230923_111608.jpg,non_water_hyacinth,train
/content/water_hyacinth_project/dataset/classification/non_water_hyacinth/_226_IMG_20230923_100802.jpg,non_water_hyacinth,train
/content/water_hyacinth_project/dataset/classification/non_water_hyacinth/_188_IMG_20230923_100755.jpg,non_water_hyacinth,train
/content/water_hyacinth_project/dataset/classification/water_hyacinth/_157_IMG_20230804_090250.jpg,water_hyacinth,train
/content/water_hyacinth_project/dataset/classification/non_water_hyacinth/_359_IMG_20230811_165331.jpg,non_water_hyacinth,train
/content/water_hyacinth_project/dataset/classification/water_hyacinth/_439_augmented_image_255.jpg,water_hyacinth,train
/content/water_hyacinth_project/dataset/classification/non_water_hyacinth/_909_augmented_image_901.jpg,non_water_hyacinth,train
/content/water_hyacinth_project/dataset/classification/non_water_hyacinth/_302_20230818_115123.jpg,non_water_hyacinth,train
/content/water_hyacinth_project/dataset/classification/non_water_hyacinth/_66_augmented_image_245.jpg,non_water_hyacinth,train
/content/water_hyacinth_project/dataset/classification/non_water_hyacinth/_272_augmented_image_476.jpg,non_water_hyacinth,train
/content/water_hyacinth_project/dataset/classification/non_water_hyacinth/_416_IMG_20230814_203132.jpg,non_water_hyacinth,train
/content/water_hyacinth_project/dataset/classification/non_water_hyacinth/_263_IMG_20230811_170821.jpg,non_water_hyacinth,train
/content/water_hyacinth_project/dataset/classification/non_water_hyacinth/_510_augmented_image_906.jpg,non_water_hyacinth,train
/content/water_hyacinth_project/dataset/classification/non_water_hyacinth/_635_augmented_image_57.jpg,non_water_hyacinth,train
/content/water_hyacinth_project/dataset/classification/non_water_hyacinth/_441_IMG_20230814_202936.jpg,non_water_hyacinth,train
/content/water_hyacinth_project/dataset/classification/non_water_hyacinth/_822_augmented_image_189.jpg,non_water_hyacinth,train
/content/water_hyacinth_project/dataset/classification/water_hyacinth/_4807_IMG_20230814_210504.jpg,water_hyacinth,train
/content/water_hyacinth_project/dataset/classification/water_hyacinth/_4893_IMG_20230805_183907.jpg,water_hyacinth,train
/content/water_hyacinth_project/dataset/classification/non_water_hyacinth/_38_IMG_20230923_100534.jpg,non_water_hyacinth,train
/content/water_hyacinth_project/dataset/classification/non_water_hyacinth/_168_IMG_20230923_101237.jpg,non_water_hyacinth,train
/content/water_hyacinth_project/dataset/classification/non_water_hyacinth/_461_augmented_image_255.jpg,non_water_hyacinth,train
/content/water_hyacinth_project/dataset/classification/non_water_hyacinth/_206_IMG_20230811_170224.jpg,non_water_hyacinth,train
/content/water_hyacinth_project/dataset/classification/non_water_hyacinth/_52_augmented_image_329.jpg,non_water_hyacinth,train
/content/water_hyacinth_project/dataset/classification/non_water_hyacinth/_306_augmented_image_957.jpg,non_water_hyacinth,train
/content/water_hyacinth_project/dataset/classification/non_water_hyacinth/_139_IMG_20230814_175820.jpg,non_water_hyacinth,train
/content/water_hyacinth_project/dataset/classification/non_water_hyacinth/_525_augmented_image_709.jpg,non_water_hyacinth,train
/content/water_hyacinth_project/dataset/classification/non_water_hyacinth/_229_IMG_20230811_170837.jpg,non_water_hyacinth,train
/content/water_hyacinth_project/dataset/classification/non_water_hyacinth/_1039_augmented_image_835.jpg,non_water_hyacinth,train
/content/water_hyacinth_project/dataset/classification/non_water_hyacinth/_225_augmented_image_587.jpg,non_water_hyacinth,train
/content/water_hyacinth_project/dataset/classification/non_water_hyacinth/_556_augmented_image_568.jpg,non_water_hyacinth,train
/content/water_hyacinth_project/dataset/classification/non_water_hyacinth/_435_IMG_20230923_112118.jpg,non_water_hyacinth,train
/content/water_hyacinth_project/dataset/classification/non_water_hyacinth/_139_IMG_20230923_110624.jpg,non_water_hyacinth,train
/content/water_hyacinth_project/dataset/classification/water_hyacinth/_83_IMG_20230814_180801.jpg,water_hyacinth,train
/content/water_hyacinth_project/dataset/classification/non_water_hyacinth/_368_20230818_115116.jpg,non_water_hyacinth,train
/content/water_hyacinth_project/dataset/classification/water_hyacinth/_310_IMG_20230811_171929.jpg,water_hyacinth,train
/content/water_hyacinth_project/dataset/classification/non_water_hyacinth/_397_IMG_20230926_173550.jpg,non_water_hyacinth,train
/content/water_hyacinth_project/dataset/classification/water_hyacinth/_219_augmented_image_165.jpg,water_hyacinth,train
/content/water_hyacinth_project/dataset/classification/non_water_hyacinth/_116_augmented_image_258.jpg,non_water_hyacinth,train
/content/water_hyacinth_project/dataset/classification/non_water_hyacinth/_54_IMG_20230811_165256.jpg,non_water_hyacinth,train
/content/water_hyacinth_project/dataset/classification/water_hyacinth/_4542_IMG_20230811_173122.jpg,water_hyacinth,train
/content/water_hyacinth_project/dataset/classification/water_hyacinth/_1853_augmented_image_814.jpg,water_hyacinth,train
/content/water_hyacinth_project/dataset/classification/non_water_hyacinth/_656_augmented_image_305.jpg,non_water_hyacinth,train
/content/water_hyacinth_project/dataset/classification/non_water_hyacinth/_429_20230818_115240.jpg,non_water_hyacinth,train
/content/water_hyacinth_project/dataset/classification/non_water_hyacinth/_129_IMG_20230923_100342.jpg,non_water_hyacinth,train
/content/water_hyacinth_project/dataset/classification/non_water_hyacinth/_827_augmented_image_502.jpg,non_water_hyacinth,train
/content/water_hyacinth_project/dataset/classification/non_water_hyacinth/_93_IMG_20230923_112153_1.jpg,non_water_hyacinth,train
/content/water_hyacinth_project/dataset/classification/non_water_hyacinth/_161_IMG_20230923_112052.jpg,non_water_hyacinth,train
/content/water_hyacinth_project/dataset/classification/water_hyacinth/_1044_augmented_image_275.jpg,water_hyacinth,train
/content/water_hyacinth_project/dataset/classification/non_water_hyacinth/_663_augmented_image_943.jpg,non_water_hyacinth,train
/content/water_hyacinth_project/dataset/classification/non_water_hyacinth/_98_augmented_image_970.jpg,non_water_hyacinth,train
/content/water_hyacinth_project/dataset/classification/water_hyacinth/_718_augmented_image_561.jpg,water_hyacinth,train
/content/water_hyacinth_project/dataset/classification/non_water_hyacinth/_253_augmented_image_575.jpg,non_water_hyacinth,train
/content/water_hyacinth_project/dataset/classification/water_hyacinth/_1012_augmented_image_351.jpg,water_hyacinth,train
/content/water_hyacinth_project/dataset/classification/non_water_hyacinth/_863_augmented_image_416.jpg,non_water_hyacinth,train
/content/water_hyacinth_project/dataset/classification/water_hyacinth/_112_IMG_20230804_090315.jpg,water_hyacinth,train
/content/water_hyacinth_project/dataset/classification/non_water_hyacinth/_795_augmented_image_923.jpg,non_water_hyacinth,train
/content/water_hyacinth_project/dataset/classification/water_hyacinth/_1917_augmented_image_263.jpg,water_hyacinth,train
/content/water_hyacinth_project/dataset/classification/water_hyacinth/_450_IMG_20230814_180635.jpg,water_hyacinth,train
/content/water_hyacinth_project/dataset/classification/water_hyacinth/_1065_augmented_image_473.jpg,water_hyacinth,train
/content/water_hyacinth_project/dataset/classification/water_hyacinth/_423_IMG_20230805_182113 Background Removed.jpg,water_hyacinth,train
/content/water_hyacinth_project/dataset/classification/non_water_hyacinth/_233_IMG_20230923_103419.jpg,non_water_hyacinth,train
/content/water_hyacinth_project/dataset/classification/water_hyacinth/_364_IMG_20230805_182649.jpg,water_hyacinth,train
/content/water_hyacinth_project/dataset/classification/non_water_hyacinth/_4_IMG_20230923_111935_1.jpg,non_water_hyacinth,train
/content/water_hyacinth_project/dataset/classification/non_water_hyacinth/_307_augmented_image_580.jpg,non_water_hyacinth,train
/content/water_hyacinth_project/dataset/classification/water_hyacinth/_405_IMG_20230814_180747.jpg,water_hyacinth,train
/content/water_hyacinth_project/dataset/classification/water_hyacinth/_1183_augmented_image_143.jpg,water_hyacinth,train
/content/water_hyacinth_project/dataset/classification/water_hyacinth/_608_augmented_image_280.jpg,water_hyacinth,train
/content/water_hyacinth_project/dataset/classification/non_water_hyacinth/_135_augmented_image_787.jpg,non_water_hyacinth,train
/content/water_hyacinth_project/dataset/classification/water_hyacinth/_1648_augmented_image_704.jpg,water_hyacinth,train
/content/water_hyacinth_project/dataset/classification/water_hyacinth/_1069_augmented_image_51.jpg,water_hyacinth,train
/content/water_hyacinth_project/dataset/classification/water_hyacinth/_1982_augmented_image_913.jpg,water_hyacinth,train
/content/water_hyacinth_project/dataset/classification/non_water_hyacinth/_407_20230818_115100.jpg,non_water_hyacinth,train
/content/water_hyacinth_project/dataset/classification/non_water_hyacinth/_69_augmented_image_51.jpg,non_water_hyacinth,train
/content/water_hyacinth_project/dataset/classification/non_water_hyacinth/_155_augmented_image_953.jpg,non_water_hyacinth,train
/content/water_hyacinth_project/dataset/classification/non_water_hyacinth/_231_IMG_20230923_110814.jpg,non_water_hyacinth,train
/content/water_hyacinth_project/dataset/classification/non_water_hyacinth/_395_IMG_20230811_165149.jpg,non_water_hyacinth,train
/content/water_hyacinth_project/dataset/classification/water_hyacinth/_235_IMG_20230811_172446.jpg,water_hyacinth,train
/content/water_hyacinth_project/dataset/classification/non_water_hyacinth/_645_augmented_image_63.jpg,non_water_hyacinth,train
/content/water_hyacinth_project/dataset/classification/non_water_hyacinth/_228_augmented_image_830.jpg,non_water_hyacinth,train
/content/water_hyacinth_project/dataset/classification/water_hyacinth/_9_IMG_20230814_180632.jpg,water_hyacinth,train
/content/water_hyacinth_project/dataset/classification/water_hyacinth/_416_augmented_image_659.jpg,water_hyacinth,train
/content/water_hyacinth_project/dataset/classification/non_water_hyacinth/_20_augmented_image_40.jpg,non_water_hyacinth,train
/content/water_hyacinth_project/dataset/classification/water_hyacinth/_1274_augmented_image_75.jpg,water_hyacinth,train
/content/water_hyacinth_project/dataset/classification/non_water_hyacinth/_868_augmented_image_381.jpg,non_water_hyacinth,train
/content/water_hyacinth_project/dataset/classification/water_hyacinth/_794_augmented_image_219.jpg,water_hyacinth,train
/content/water_hyacinth_project/dataset/classification/non_water_hyacinth/_78_augmented_image_868.jpg,non_water_hyacinth,train
/content/water_hyacinth_project/dataset/classification/non_water_hyacinth/_228_IMG_20230814_174752.jpg,non_water_hyacinth,train
/content/water_hyacinth_project/dataset/classification/non_water_hyacinth/_167_20230811_211343.jpg,non_water_hyacinth,train
/content/water_hyacinth_project/dataset/classification/non_water_hyacinth/_236_IMG_20230923_100537.jpg,non_water_hyacinth,train
/content/water_hyacinth_project/dataset/classification/non_water_hyacinth/_323_augmented_image_949.jpg,non_water_hyacinth,train
/content/water_hyacinth_project/dataset/classification/non_water_hyacinth/_215_IMG_20230814_175826.jpg,non_water_hyacinth,train
/content/water_hyacinth_project/dataset/classification/water_hyacinth/_4821_IMG_20230805_171645.jpg,water_hyacinth,train
/content/water_hyacinth_project/dataset/classification/non_water_hyacinth/_225_IMG_20230923_111117.jpg,non_water_hyacinth,train
/content/water_hyacinth_project/dataset/classification/non_water_hyacinth/_2_IMG_20230811_163718.jpg,non_water_hyacinth,train
/content/water_hyacinth_project/dataset/classification/non_water_hyacinth/_320_20230811_211456.jpg,non_water_hyacinth,train
/content/water_hyacinth_project/dataset/classification/water_hyacinth/_1886_augmented_image_320.jpg,water_hyacinth,train
/content/water_hyacinth_project/dataset/classification/non_water_hyacinth/_292_20230818_115006.jpg,non_water_hyacinth,train
/content/water_hyacinth_project/dataset/classification/non_water_hyacinth/_423_augmented_image_944.jpg,non_water_hyacinth,train
/content/water_hyacinth_project/dataset/classification/non_water_hyacinth/_292_augmented_image_406.jpg,non_water_hyacinth,train
/content/water_hyacinth_project/dataset/classification/non_water_hyacinth/_165_IMG_20230923_112238.jpg,non_water_hyacinth,train
/content/water_hyacinth_project/dataset/classification/non_water_hyacinth/_405_IMG_20230926_172912.jpg,non_water_hyacinth,train
/content/water_hyacinth_project/dataset/classification/water_hyacinth/_345_IMG_20230805_182755.jpg,water_hyacinth,train
/content/water_hyacinth_project/dataset/classification/non_water_hyacinth/_146_IMG_20230923_100833.jpg,non_water_hyacinth,train
/content/water_hyacinth_project/dataset/classification/water_hyacinth/_41_augmented_image_249.jpg,water_hyacinth,train
/content/water_hyacinth_project/dataset/classification/non_water_hyacinth/_190_IMG_20230926_173123.jpg,non_water_hyacinth,train
/content/water_hyacinth_project/dataset/classification/non_water_hyacinth/_709_augmented_image_244.jpg,non_water_hyacinth,train
/content/water_hyacinth_project/dataset/classification/water_hyacinth/_4618_IMG_20230814_210623.jpg,water_hyacinth,train
/content/water_hyacinth_project/dataset/classification/non_water_hyacinth/_660_augmented_image_921.jpg,non_water_hyacinth,train
/content/water_hyacinth_project/dataset/classification/non_water_hyacinth/_451_IMG_20230923_102947.jpg,non_water_hyacinth,train
/content/water_hyacinth_project/dataset/classification/water_hyacinth/_601_augmented_image_577.jpg,water_hyacinth,train
/content/water_hyacinth_project/dataset/classification/water_hyacinth/_261_IMG_20230804_090630.jpg,water_hyacinth,train
/content/water_hyacinth_project/dataset/classification/water_hyacinth/_206_IMG_20230811_173119.jpg,water_hyacinth,train
/content/water_hyacinth_project/dataset/classification/non_water_hyacinth/_731_augmented_image_105.jpg,non_water_hyacinth,train
/content/water_hyacinth_project/dataset/classification/non_water_hyacinth/_65_20230818_115207.jpg,non_water_hyacinth,train
/content/water_hyacinth_project/dataset/classification/non_water_hyacinth/_122_augmented_image_931.jpg,non_water_hyacinth,train
/content/water_hyacinth_project/dataset/classification/non_water_hyacinth/_142_IMG_20230923_101721.jpg,non_water_hyacinth,train
/content/water_hyacinth_project/dataset/classification/non_water_hyacinth/_1020_augmented_image_481.jpg,non_water_hyacinth,train
/content/water_hyacinth_project/dataset/classification/non_water_hyacinth/_968_augmented_image_861.jpg,non_water_hyacinth,train
/content/water_hyacinth_project/dataset/classification/non_water_hyacinth/_222_IMG_20230923_110559.jpg,non_water_hyacinth,train
/content/water_hyacinth_project/dataset/classification/non_water_hyacinth/_344_augmented_image_26.jpg,non_water_hyacinth,train
/content/water_hyacinth_project/dataset/classification/non_water_hyacinth/_47_20230811_211339.jpg,non_water_hyacinth,train
/content/water_hyacinth_project/dataset/classification/non_water_hyacinth/_703_augmented_image_322.jpg,non_water_hyacinth,train
/content/water_hyacinth_project/dataset/classification/non_water_hyacinth/_784_augmented_image_248.jpg,non_water_hyacinth,train
/content/water_hyacinth_project/dataset/classification/non_water_hyacinth/_119_IMG_20230923_111631.jpg,non_water_hyacinth,train
/content/water_hyacinth_project/dataset/classification/water_hyacinth/_54_IMG_20230805_165623.jpg,water_hyacinth,train
/content/water_hyacinth_project/dataset/classification/water_hyacinth/_188_IMG_20230814_180648.jpg,water_hyacinth,train
/content/water_hyacinth_project/dataset/classification/non_water_hyacinth/_515_augmented_image_855.jpg,non_water_hyacinth,train
/content/water_hyacinth_project/dataset/classification/water_hyacinth/_491_augmented_image_176.jpg,water_hyacinth,train
/content/water_hyacinth_project/dataset/classification/non_water_hyacinth/_377_20230818_114914.jpg,non_water_hyacinth,train
/content/water_hyacinth_project/dataset/classification/non_water_hyacinth/_749_augmented_image_246.jpg,non_water_hyacinth,train
/content/water_hyacinth_project/dataset/classification/non_water_hyacinth/_409_augmented_image_3.jpg,non_water_hyacinth,train
/content/water_hyacinth_project/dataset/classification/water_hyacinth/_688_augmented_image_746.jpg,water_hyacinth,train
/content/water_hyacinth_project/dataset/classification/non_water_hyacinth/_35_20230818_115020.jpg,non_water_hyacinth,train
/content/water_hyacinth_project/dataset/classification/non_water_hyacinth/_673_augmented_image_731.jpg,non_water_hyacinth,train
/content/water_hyacinth_project/dataset/classification/water_hyacinth/_1857_augmented_image_42.jpg,water_hyacinth,train
/content/water_hyacinth_project/dataset/classification/non_water_hyacinth/_121_IMG_20230923_111119.jpg,non_water_hyacinth,train
/content/water_hyacinth_project/dataset/classification/water_hyacinth/_303_IMG_20230803_090135.jpg,water_hyacinth,train
/content/water_hyacinth_project/dataset/classification/non_water_hyacinth/_345_IMG_20230926_173047.jpg,non_water_hyacinth,train
/content/water_hyacinth_project/dataset/classification/non_water_hyacinth/_213_IMG_20230926_173216.jpg,non_water_hyacinth,train
/content/water_hyacinth_project/dataset/classification/non_water_hyacinth/_990_augmented_image_886.jpg,non_water_hyacinth,train
/content/water_hyacinth_project/dataset/classification/non_water_hyacinth/_549_augmented_image_515.jpg,non_water_hyacinth,train
/content/water_hyacinth_project/dataset/classification/non_water_hyacinth/_346_IMG_20230923_101137.jpg,non_water_hyacinth,train
/content/water_hyacinth_project/dataset/classification/non_water_hyacinth/_208_IMG_20230814_204553.jpg,non_water_hyacinth,train
/content/water_hyacinth_project/dataset/classification/non_water_hyacinth/_697_augmented_image_927.jpg,non_water_hyacinth,train
/content/water_hyacinth_project/dataset/classification/non_water_hyacinth/_124_IMG_20230923_105834.jpg,non_water_hyacinth,train
/content/water_hyacinth_project/dataset/classification/water_hyacinth/_4956_20230812_114556.jpg,water_hyacinth,train
/content/water_hyacinth_project/dataset/classification/non_water_hyacinth/_367_IMG_20230814_203527.jpg,non_water_hyacinth,train
/content/water_hyacinth_project/dataset/classification/water_hyacinth/_1335_augmented_image_991.jpg,water_hyacinth,train
/content/water_hyacinth_project/dataset/classification/water_hyacinth/_488_augmented_image_906.jpg,water_hyacinth,train
/content/water_hyacinth_project/dataset/classification/water_hyacinth/_4844_IMG_20230811_172447.jpg,water_hyacinth,train
/content/water_hyacinth_project/dataset/classification/non_water_hyacinth/_158_IMG_20230811_164458.jpg,non_water_hyacinth,train
/content/water_hyacinth_project/dataset/classification/non_water_hyacinth/_187_augmented_image_49.jpg,non_water_hyacinth,train
/content/water_hyacinth_project/dataset/classification/non_water_hyacinth/_633_augmented_image_113.jpg,non_water_hyacinth,train
/content/water_hyacinth_project/dataset/classification/non_water_hyacinth/_199_IMG_20230923_100306.jpg,non_water_hyacinth,train
/content/water_hyacinth_project/dataset/classification/non_water_hyacinth/_148_augmented_image_779.jpg,non_water_hyacinth,train
/content/water_hyacinth_project/dataset/classification/non_water_hyacinth/_1025_augmented_image_137.jpg,non_water_hyacinth,train
/content/water_hyacinth_project/dataset/classification/non_water_hyacinth/_71_20230811_211456(0).jpg,non_water_hyacinth,train
/content/water_hyacinth_project/dataset/classification/water_hyacinth/_359_IMG_20230811_163344.jpg,water_hyacinth,train
/content/water_hyacinth_project/dataset/classification/non_water_hyacinth/_457_augmented_image_903.jpg,non_water_hyacinth,train
/content/water_hyacinth_project/dataset/classification/water_hyacinth/_285_augmented_image_221.jpg,water_hyacinth,train
/content/water_hyacinth_project/dataset/classification/water_hyacinth/_867_augmented_image_104.jpg,water_hyacinth,train
/content/water_hyacinth_project/dataset/classification/non_water_hyacinth/_326_IMG_20230923_112050.jpg,non_water_hyacinth,train
/content/water_hyacinth_project/dataset/classification/non_water_hyacinth/_935_augmented_image_109.jpg,non_water_hyacinth,train
/content/water_hyacinth_project/dataset/classification/non_water_hyacinth/_128_augmented_image_721.jpg,non_water_hyacinth,train
/content/water_hyacinth_project/dataset/classification/non_water_hyacinth/_836_augmented_image_837.jpg,non_water_hyacinth,train
/content/water_hyacinth_project/dataset/classification/water_hyacinth/_4936_IMG_20230811_171937.jpg,water_hyacinth,train
/content/water_hyacinth_project/dataset/classification/non_water_hyacinth/_329_IMG_20230923_110628.jpg,non_water_hyacinth,train
/content/water_hyacinth_project/dataset/classification/non_water_hyacinth/_389_IMG_20230926_173252.jpg,non_water_hyacinth,train
/content/water_hyacinth_project/dataset/classification/non_water_hyacinth/_317_IMG_20230923_105409.jpg,non_water_hyacinth,train
/content/water_hyacinth_project/dataset/classification/non_water_hyacinth/_419_augmented_image_852.jpg,non_water_hyacinth,train
/content/water_hyacinth_project/dataset/classification/non_water_hyacinth/_155_IMG_20230923_110751.jpg,non_water_hyacinth,train
/content/water_hyacinth_project/dataset/classification/water_hyacinth/_76_IMG_20230805_171754.jpg,water_hyacinth,train
/content/water_hyacinth_project/dataset/classification/non_water_hyacinth/_148_augmented_image_478.jpg,non_water_hyacinth,train
/content/water_hyacinth_project/dataset/classification/non_water_hyacinth/_246_augmented_image_126.jpg,non_water_hyacinth,train
/content/water_hyacinth_project/dataset/classification/non_water_hyacinth/_922_augmented_image_151.jpg,non_water_hyacinth,train
/content/water_hyacinth_project/dataset/classification/water_hyacinth/_16_augmented_image_778.jpg,water_hyacinth,train
/content/water_hyacinth_project/dataset/classification/non_water_hyacinth/_383_augmented_image_331.jpg,non_water_hyacinth,train
/content/water_hyacinth_project/dataset/classification/water_hyacinth/_94_IMG_20230805_185416.jpg,water_hyacinth,train
/content/water_hyacinth_project/dataset/classification/non_water_hyacinth/_250_IMG_20230923_100320.jpg,non_water_hyacinth,train
/content/water_hyacinth_project/dataset/classification/non_water_hyacinth/_456_augmented_image_789.jpg,non_water_hyacinth,train
/content/water_hyacinth_project/dataset/classification/non_water_hyacinth/_229_20230818_114712.jpg,non_water_hyacinth,train
/content/water_hyacinth_project/dataset/classification/non_water_hyacinth/_704_augmented_image_523.jpg,non_water_hyacinth,train
/content/water_hyacinth_project/dataset/classification/non_water_hyacinth/_947_augmented_image_375.jpg,non_water_hyacinth,train
/content/water_hyacinth_project/dataset/classification/non_water_hyacinth/_127_20230818_115144.jpg,non_water_hyacinth,train
/content/water_hyacinth_project/dataset/classification/non_water_hyacinth/_293_IMG_20230811_165150.jpg,non_water_hyacinth,train
/content/water_hyacinth_project/dataset/classification/non_water_hyacinth/_198_augmented_image_49.jpg,non_water_hyacinth,train
/content/water_hyacinth_project/dataset/classification/water_hyacinth/_392_IMG_20230814_180746.jpg,water_hyacinth,train
/content/water_hyacinth_project/dataset/classification/non_water_hyacinth/_826_augmented_image_381.jpg,non_water_hyacinth,train
/content/water_hyacinth_project/dataset/classification/water_hyacinth/_1161_augmented_image_98.jpg,water_hyacinth,train
/content/water_hyacinth_project/dataset/classification/non_water_hyacinth/_87_IMG_20230926_172834.jpg,non_water_hyacinth,train
/content/water_hyacinth_project/dataset/classification/non_water_hyacinth/_789_augmented_image_14.jpg,non_water_hyacinth,train
/content/water_hyacinth_project/dataset/classification/non_water_hyacinth/_1_20230818_115028.jpg,non_water_hyacinth,train
/content/water_hyacinth_project/dataset/classification/non_water_hyacinth/_760_augmented_image_161.jpg,non_water_hyacinth,train
/content/water_hyacinth_project/dataset/classification/water_hyacinth/_1136_augmented_image_741.jpg,water_hyacinth,train
/content/water_hyacinth_project/dataset/classification/non_water_hyacinth/_292_IMG_20230923_111532.jpg,non_water_hyacinth,train
/content/water_hyacinth_project/dataset/classification/non_water_hyacinth/_561_augmented_image_324.jpg,non_water_hyacinth,train
/content/water_hyacinth_project/dataset/classification/non_water_hyacinth/_107_IMG_20230923_110141.jpg,non_water_hyacinth,train
/content/water_hyacinth_project/dataset/classification/non_water_hyacinth/_176_IMG_20230811_165324.jpg,non_water_hyacinth,train
/content/water_hyacinth_project/dataset/classification/water_hyacinth/_272_augmented_image_878.jpg,water_hyacinth,train
/content/water_hyacinth_project/dataset/classification/water_hyacinth/_4764_IMG_20230814_210038.jpg,water_hyacinth,train
/content/water_hyacinth_project/dataset/classification/non_water_hyacinth/_847_augmented_image_338.jpg,non_water_hyacinth,train
/content/water_hyacinth_project/dataset/classification/non_water_hyacinth/_665_augmented_image_927.jpg,non_water_hyacinth,train
/content/water_hyacinth_project/dataset/classification/non_water_hyacinth/_371_augmented_image_272.jpg,non_water_hyacinth,train
/content/water_hyacinth_project/dataset/classification/water_hyacinth/_951_augmented_image_783.jpg,water_hyacinth,train
/content/water_hyacinth_project/dataset/classification/non_water_hyacinth/_26_augmented_image_705.jpg,non_water_hyacinth,train
/content/water_hyacinth_project/dataset/classification/water_hyacinth/_4818_IMG_20230805_183445.jpg,water_hyacinth,train
/content/water_hyacinth_project/dataset/classification/non_water_hyacinth/_887_augmented_image_435.jpg,non_water_hyacinth,train
/content/water_hyacinth_project/dataset/classification/non_water_hyacinth/_916_augmented_image_929.jpg,non_water_hyacinth,train
/content/water_hyacinth_project/dataset/classification/non_water_hyacinth/_398_augmented_image_179.jpg,non_water_hyacinth,train
/content/water_hyacinth_project/dataset/classification/non_water_hyacinth/_62_20230811_211503.jpg,non_water_hyacinth,train
/content/water_hyacinth_project/dataset/classification/non_water_hyacinth/_613_augmented_image_507.jpg,non_water_hyacinth,train
/content/water_hyacinth_project/dataset/classification/non_water_hyacinth/_958_augmented_image_397.jpg,non_water_hyacinth,train
/content/water_hyacinth_project/dataset/classification/water_hyacinth/_892_augmented_image_117.jpg,water_hyacinth,train
/content/water_hyacinth_project/dataset/classification/water_hyacinth/_15_IMG_20230805_171738.jpg,water_hyacinth,train
/content/water_hyacinth_project/dataset/classification/non_water_hyacinth/_897_augmented_image_978.jpg,non_water_hyacinth,train
/content/water_hyacinth_project/dataset/classification/non_water_hyacinth/_435_augmented_image_271.jpg,non_water_hyacinth,train
/content/water_hyacinth_project/dataset/classification/non_water_hyacinth/_319_IMG_20230923_105824.jpg,non_water_hyacinth,train
/content/water_hyacinth_project/dataset/classification/non_water_hyacinth/_265_augmented_image_603.jpg,non_water_hyacinth,train
/content/water_hyacinth_project/dataset/classification/non_water_hyacinth/_275_20230812_114145.jpg,non_water_hyacinth,train
/content/water_hyacinth_project/dataset/classification/non_water_hyacinth/_25_IMG_20230814_204615.jpg,non_water_hyacinth,train
/content/water_hyacinth_project/dataset/classification/non_water_hyacinth/_744_augmented_image_865.jpg,non_water_hyacinth,train
/content/water_hyacinth_project/dataset/classification/non_water_hyacinth/_281_augmented_image_145.jpg,non_water_hyacinth,train
/content/water_hyacinth_project/dataset/classification/water_hyacinth/_909_augmented_image_901.jpg,water_hyacinth,train
/content/water_hyacinth_project/dataset/classification/non_water_hyacinth/_928_augmented_image_664.jpg,non_water_hyacinth,train
/content/water_hyacinth_project/dataset/classification/non_water_hyacinth/_364_augmented_image_204.jpg,non_water_hyacinth,train
/content/water_hyacinth_project/dataset/classification/non_water_hyacinth/_418_augmented_image_179.jpg,non_water_hyacinth,train
/content/water_hyacinth_project/dataset/classification/non_water_hyacinth/_42_IMG_20230814_204544.jpg,non_water_hyacinth,train
/content/water_hyacinth_project/dataset/classification/water_hyacinth/_1061_augmented_image_365.jpg,water_hyacinth,train
/content/water_hyacinth_project/dataset/classification/water_hyacinth/_568_augmented_image_776.jpg,water_hyacinth,train
/content/water_hyacinth_project/dataset/classification/non_water_hyacinth/_21_IMG_20230811_170224_1.jpg,non_water_hyacinth,train
/content/water_hyacinth_project/dataset/classification/water_hyacinth/_443_IMG_20230814_210537.jpg,water_hyacinth,train
/content/water_hyacinth_project/dataset/classification/non_water_hyacinth/_316_augmented_image_444.jpg,non_water_hyacinth,train
/content/water_hyacinth_project/dataset/classification/non_water_hyacinth/_360_IMG_20230923_102836.jpg,non_water_hyacinth,train
/content/water_hyacinth_project/dataset/classification/water_hyacinth/_939_augmented_image_212.jpg,water_hyacinth,train
/content/water_hyacinth_project/dataset/classification/water_hyacinth/_384_augmented_image_50.jpg,water_hyacinth,train
/content/water_hyacinth_project/dataset/classification/non_water_hyacinth/_9_augmented_image_195.jpg,non_water_hyacinth,train
/content/water_hyacinth_project/dataset/classification/water_hyacinth/_1327_augmented_image_26.jpg,water_hyacinth,train
/content/water_hyacinth_project/dataset/classification/non_water_hyacinth/_58_augmented_image_118.jpg,non_water_hyacinth,train
/content/water_hyacinth_project/dataset/classification/non_water_hyacinth/_399_20230818_115032.jpg,non_water_hyacinth,train
/content/water_hyacinth_project/dataset/classification/non_water_hyacinth/_365_20230818_115133.jpg,non_water_hyacinth,train
/content/water_hyacinth_project/dataset/classification/non_water_hyacinth/_171_IMG_20230926_173044.jpg,non_water_hyacinth,train
/content/water_hyacinth_project/dataset/classification/water_hyacinth/_1605_augmented_image_164.jpg,water_hyacinth,train
/content/water_hyacinth_project/dataset/classification/non_water_hyacinth/_736_augmented_image_20.jpg,non_water_hyacinth,train
/content/water_hyacinth_project/dataset/classification/non_water_hyacinth/_711_augmented_image_260.jpg,non_water_hyacinth,train
/content/water_hyacinth_project/dataset/classification/water_hyacinth/_1583_augmented_image_971.jpg,water_hyacinth,train
/content/water_hyacinth_project/dataset/classification/water_hyacinth/_447_IMG_20230805_185327.jpg,water_hyacinth,train
/content/water_hyacinth_project/dataset/classification/non_water_hyacinth/_186_20230812_114123.jpg,non_water_hyacinth,train
/content/water_hyacinth_project/dataset/classification/water_hyacinth/_1755_augmented_image_472.jpg,water_hyacinth,train
/content/water_hyacinth_project/dataset/classification/non_water_hyacinth/_100_augmented_image_286.jpg,non_water_hyacinth,train
/content/water_hyacinth_project/dataset/classification/non_water_hyacinth/_72_20230818_114931.jpg,non_water_hyacinth,train
/content/water_hyacinth_project/dataset/classification/non_water_hyacinth/_422_IMG_20230814_203302.jpg,non_water_hyacinth,train
/content/water_hyacinth_project/dataset/classification/water_hyacinth/_828_augmented_image_614.jpg,water_hyacinth,train
/content/water_hyacinth_project/dataset/classification/water_hyacinth/_37_20230812_114025 Background Removed.jpg,water_hyacinth,train
/content/water_hyacinth_project/dataset/classification/non_water_hyacinth/_114_IMG_20230923_100456.jpg,non_water_hyacinth,train
/content/water_hyacinth_project/dataset/classification/non_water_hyacinth/_584_augmented_image_745.jpg,non_water_hyacinth,train
/content/water_hyacinth_project/dataset/classification/non_water_hyacinth/_30_IMG_20230923_105932.jpg,non_water_hyacinth,train
/content/water_hyacinth_project/dataset/classification/non_water_hyacinth/_1035_augmented_image_136.jpg,non_water_hyacinth,train
/content/water_hyacinth_project/dataset/classification/non_water_hyacinth/_370_IMG_20230923_101507.jpg,non_water_hyacinth,train
/content/water_hyacinth_project/dataset/classification/non_water_hyacinth/_409_IMG_20230923_111911.jpg,non_water_hyacinth,train
/content/water_hyacinth_project/dataset/classification/non_water_hyacinth/_193_augmented_image_207.jpg,non_water_hyacinth,train
/content/water_hyacinth_project/dataset/classification/non_water_hyacinth/_236_augmented_image_587.jpg,non_water_hyacinth,train
/content/water_hyacinth_project/dataset/classification/water_hyacinth/_837_augmented_image_168.jpg,water_hyacinth,train
/content/water_hyacinth_project/dataset/classification/non_water_hyacinth/_375_IMG_20230923_111809.jpg,non_water_hyacinth,train
/content/water_hyacinth_project/dataset/classification/non_water_hyacinth/_108_20230818_113418.jpg,non_water_hyacinth,train
/content/water_hyacinth_project/dataset/classification/water_hyacinth/_4857_IMG_20230805_185230.jpg,water_hyacinth,train
/content/water_hyacinth_project/dataset/classification/non_water_hyacinth/_48_IMG_20230923_101248.jpg,non_water_hyacinth,train
/content/water_hyacinth_project/dataset/classification/non_water_hyacinth/_269_augmented_image_751.jpg,non_water_hyacinth,train
/content/water_hyacinth_project/dataset/classification/non_water_hyacinth/_285_augmented_image_588.jpg,non_water_hyacinth,train
/content/water_hyacinth_project/dataset/classification/non_water_hyacinth/_360_IMG_20230923_100807.jpg,non_water_hyacinth,train
/content/water_hyacinth_project/dataset/classification/non_water_hyacinth/_42_IMG_20230811_164537.jpg,non_water_hyacinth,train
/content/water_hyacinth_project/dataset/classification/non_water_hyacinth/_282_IMG_20230814_203236.jpg,non_water_hyacinth,train
/content/water_hyacinth_project/dataset/classification/non_water_hyacinth/_60_IMG_20230923_111813_1.jpg,non_water_hyacinth,train
/content/water_hyacinth_project/dataset/classification/non_water_hyacinth/_2_IMG_20230923_112327.jpg,non_water_hyacinth,train
/content/water_hyacinth_project/dataset/classification/non_water_hyacinth/_796_augmented_image_173.jpg,non_water_hyacinth,train
/content/water_hyacinth_project/dataset/classification/non_water_hyacinth/_322_IMG_20230926_173351.jpg,non_water_hyacinth,train
/content/water_hyacinth_project/dataset/classification/water_hyacinth/_1097_augmented_image_859.jpg,water_hyacinth,train
/content/water_hyacinth_project/dataset/classification/non_water_hyacinth/_33_IMG_20230811_170232.jpg,non_water_hyacinth,train
/content/water_hyacinth_project/dataset/classification/non_water_hyacinth/_364_IMG_20230814_203440.jpg,non_water_hyacinth,train
/content/water_hyacinth_project/dataset/classification/water_hyacinth/_469_augmented_image_130.jpg,water_hyacinth,train
/content/water_hyacinth_project/dataset/classification/non_water_hyacinth/_304_20230811_211327.jpg,non_water_hyacinth,train
/content/water_hyacinth_project/dataset/classification/non_water_hyacinth/_256_20230818_114820.jpg,non_water_hyacinth,train
/content/water_hyacinth_project/dataset/classification/non_water_hyacinth/_57_IMG_20230923_105933.jpg,non_water_hyacinth,train
/content/water_hyacinth_project/dataset/classification/non_water_hyacinth/_71_IMG_20230926_172900.jpg,non_water_hyacinth,train
/content/water_hyacinth_project/dataset/classification/non_water_hyacinth/_363_augmented_image_574.jpg,non_water_hyacinth,train
/content/water_hyacinth_project/dataset/classification/non_water_hyacinth/_256_augmented_image_744.jpg,non_water_hyacinth,train
/content/water_hyacinth_project/dataset/classification/non_water_hyacinth/_336_IMG_20230811_165145.jpg,non_water_hyacinth,train
/content/water_hyacinth_project/dataset/classification/non_water_hyacinth/_652_augmented_image_319.jpg,non_water_hyacinth,train
/content/water_hyacinth_project/dataset/classification/non_water_hyacinth/_315_augmented_image_940.jpg,non_water_hyacinth,train
/content/water_hyacinth_project/dataset/classification/water_hyacinth/_370_augmented_image_82.jpg,water_hyacinth,train
/content/water_hyacinth_project/dataset/classification/non_water_hyacinth/_193_augmented_image_454.jpg,non_water_hyacinth,train
/content/water_hyacinth_project/dataset/classification/non_water_hyacinth/_572_augmented_image_69.jpg,non_water_hyacinth,train
/content/water_hyacinth_project/dataset/classification/non_water_hyacinth/_243_IMG_20230811_164422.jpg,non_water_hyacinth,train
/content/water_hyacinth_project/dataset/classification/non_water_hyacinth/_390_augmented_image_360.jpg,non_water_hyacinth,train
/content/water_hyacinth_project/dataset/classification/non_water_hyacinth/_302_IMG_20230923_110849.jpg,non_water_hyacinth,train
/content/water_hyacinth_project/dataset/classification/non_water_hyacinth/_833_augmented_image_876.jpg,non_water_hyacinth,train
/content/water_hyacinth_project/dataset/classification/non_water_hyacinth/_87_20230818_115108.jpg,non_water_hyacinth,train
/content/water_hyacinth_project/dataset/classification/non_water_hyacinth/_624_augmented_image_134.jpg,non_water_hyacinth,train
/content/water_hyacinth_project/dataset/classification/non_water_hyacinth/_20_IMG_20230923_105753.jpg,non_water_hyacinth,train
/content/water_hyacinth_project/dataset/classification/non_water_hyacinth/_216_IMG_20230923_101207.jpg,non_water_hyacinth,train
/content/water_hyacinth_project/dataset/classification/non_water_hyacinth/_346_augmented_image_204.jpg,non_water_hyacinth,train
/content/water_hyacinth_project/dataset/classification/non_water_hyacinth/_137_IMG_20230923_100817.jpg,non_water_hyacinth,train
/content/water_hyacinth_project/dataset/classification/non_water_hyacinth/_648_augmented_image_321.jpg,non_water_hyacinth,train
/content/water_hyacinth_project/dataset/classification/non_water_hyacinth/_125_IMG_20230923_112353.jpg,non_water_hyacinth,train
/content/water_hyacinth_project/dataset/classification/water_hyacinth/_4823_IMG_20230814_210211.jpg,water_hyacinth,train
/content/water_hyacinth_project/dataset/classification/non_water_hyacinth/_381_augmented_image_355.jpg,non_water_hyacinth,train
/content/water_hyacinth_project/dataset/classification/non_water_hyacinth/_493_augmented_image_584.jpg,non_water_hyacinth,train
/content/water_hyacinth_project/dataset/classification/non_water_hyacinth/_20_20230818_113409.jpg,non_water_hyacinth,train
/content/water_hyacinth_project/dataset/classification/non_water_hyacinth/_129_augmented_image_425.jpg,non_water_hyacinth,train
/content/water_hyacinth_project/dataset/classification/non_water_hyacinth/_401_IMG_20230923_103523.jpg,non_water_hyacinth,train
/content/water_hyacinth_project/dataset/classification/non_water_hyacinth/_146_IMG_20230923_111848.jpg,non_water_hyacinth,train
/content/water_hyacinth_project/dataset/classification/non_water_hyacinth/_794_augmented_image_219.jpg,non_water_hyacinth,train
/content/water_hyacinth_project/dataset/classification/non_water_hyacinth/_158_20230818_114753.jpg,non_water_hyacinth,train
/content/water_hyacinth_project/dataset/classification/non_water_hyacinth/_314_20230818_114917.jpg,non_water_hyacinth,train
/content/water_hyacinth_project/dataset/classification/water_hyacinth/_220_IMG_20230811_165224.jpg,water_hyacinth,train
/content/water_hyacinth_project/dataset/classification/non_water_hyacinth/_415_augmented_image_128.jpg,non_water_hyacinth,train
/content/water_hyacinth_project/dataset/classification/non_water_hyacinth/_867_augmented_image_646.jpg,non_water_hyacinth,train
/content/water_hyacinth_project/dataset/classification/non_water_hyacinth/_639_augmented_image_437.jpg,non_water_hyacinth,train
/content/water_hyacinth_project/dataset/classification/non_water_hyacinth/_400_20230818_112702.jpg,non_water_hyacinth,train
/content/water_hyacinth_project/dataset/classification/water_hyacinth/_1595_augmented_image_826.jpg,water_hyacinth,train
/content/water_hyacinth_project/dataset/classification/non_water_hyacinth/_176_augmented_image_266.jpg,non_water_hyacinth,train
/content/water_hyacinth_project/dataset/classification/water_hyacinth/_4925_IMG_20230811_173123.jpg,water_hyacinth,train
/content/water_hyacinth_project/dataset/classification/non_water_hyacinth/_722_augmented_image_780.jpg,non_water_hyacinth,train
/content/water_hyacinth_project/dataset/classification/non_water_hyacinth/_462_augmented_image_485.jpg,non_water_hyacinth,train
/content/water_hyacinth_project/dataset/classification/non_water_hyacinth/_305_20230818_113856.jpg,non_water_hyacinth,train
/content/water_hyacinth_project/dataset/classification/non_water_hyacinth/_349_IMG_20230814_203118.jpg,non_water_hyacinth,train
/content/water_hyacinth_project/dataset/classification/non_water_hyacinth/_185_IMG_20230923_100810.jpg,non_water_hyacinth,train
/content/water_hyacinth_project/dataset/classification/water_hyacinth/_201_augmented_image_535.jpg,water_hyacinth,train
/content/water_hyacinth_project/dataset/classification/non_water_hyacinth/_217_IMG_20230811_165304.jpg,non_water_hyacinth,train
/content/water_hyacinth_project/dataset/classification/non_water_hyacinth/_139_IMG_20230814_204142.jpg,non_water_hyacinth,train
/content/water_hyacinth_project/dataset/classification/non_water_hyacinth/_356_IMG_20230923_110207.jpg,non_water_hyacinth,train
/content/water_hyacinth_project/dataset/classification/non_water_hyacinth/_41_20230818_114801.jpg,non_water_hyacinth,train
/content/water_hyacinth_project/dataset/classification/non_water_hyacinth/_502_augmented_image_709.jpg,non_water_hyacinth,train
/content/water_hyacinth_project/dataset/classification/non_water_hyacinth/_251_IMG_20230926_172933_1.jpg,non_water_hyacinth,train
/content/water_hyacinth_project/dataset/classification/non_water_hyacinth/_963_augmented_image_846.jpg,non_water_hyacinth,train
/content/water_hyacinth_project/dataset/classification/non_water_hyacinth/_343_20230818_115220.jpg,non_water_hyacinth,train
/content/water_hyacinth_project/dataset/classification/water_hyacinth/_685_augmented_image_396.jpg,water_hyacinth,train
/content/water_hyacinth_project/dataset/classification/non_water_hyacinth/_629_augmented_image_899.jpg,non_water_hyacinth,train
/content/water_hyacinth_project/dataset/classification/non_water_hyacinth/_661_augmented_image_634.jpg,non_water_hyacinth,train
/content/water_hyacinth_project/dataset/classification/non_water_hyacinth/_277_20230818_115125.jpg,non_water_hyacinth,train
/content/water_hyacinth_project/dataset/classification/non_water_hyacinth/_112_IMG_20230811_170213.jpg,non_water_hyacinth,train
/content/water_hyacinth_project/dataset/classification/water_hyacinth/_63_augmented_image_178.jpg,water_hyacinth,train
/content/water_hyacinth_project/dataset/classification/water_hyacinth/_309_IMG_20230805_185226.jpg,water_hyacinth,train
/content/water_hyacinth_project/dataset/classification/non_water_hyacinth/_682_augmented_image_226.jpg,non_water_hyacinth,train
/content/water_hyacinth_project/dataset/classification/non_water_hyacinth/_295_20230812_114124.jpg,non_water_hyacinth,train
/content/water_hyacinth_project/dataset/classification/water_hyacinth/_1500_augmented_image_202.jpg,water_hyacinth,train
/content/water_hyacinth_project/dataset/classification/non_water_hyacinth/_204_20230818_113819.jpg,non_water_hyacinth,train
/content/water_hyacinth_project/dataset/classification/non_water_hyacinth/_136_augmented_image_741.jpg,non_water_hyacinth,train
/content/water_hyacinth_project/dataset/classification/non_water_hyacinth/_620_augmented_image_424.jpg,non_water_hyacinth,train
/content/water_hyacinth_project/dataset/classification/non_water_hyacinth/_239_IMG_20230811_170359.jpg,non_water_hyacinth,train
/content/water_hyacinth_project/dataset/classification/water_hyacinth/_523_augmented_image_571.jpg,water_hyacinth,train
/content/water_hyacinth_project/dataset/classification/water_hyacinth/_180_IMG_20230814_180804.jpg,water_hyacinth,train
/content/water_hyacinth_project/dataset/classification/non_water_hyacinth/_32_IMG_20230923_101025.jpg,non_water_hyacinth,train
/content/water_hyacinth_project/dataset/classification/non_water_hyacinth/_336_augmented_image_964.jpg,non_water_hyacinth,train
/content/water_hyacinth_project/dataset/classification/non_water_hyacinth/_72_IMG_20230923_112414.jpg,non_water_hyacinth,train
/content/water_hyacinth_project/dataset/classification/non_water_hyacinth/_477_20230818_114720.jpg,non_water_hyacinth,train
/content/water_hyacinth_project/dataset/classification/non_water_hyacinth/_218_augmented_image_403.jpg,non_water_hyacinth,train
/content/water_hyacinth_project/dataset/classification/non_water_hyacinth/_446_IMG_20230923_112044.jpg,non_water_hyacinth,train
/content/water_hyacinth_project/dataset/classification/water_hyacinth/_400_IMG_20230805_182207 Background Removed.jpg,water_hyacinth,train
/content/water_hyacinth_project/dataset/classification/water_hyacinth/_27_IMG_20230814_180644.jpg,water_hyacinth,train
/content/water_hyacinth_project/dataset/classification/non_water_hyacinth/_627_augmented_image_41.jpg,non_water_hyacinth,train
/content/water_hyacinth_project/dataset/classification/non_water_hyacinth/_841_augmented_image_662.jpg,non_water_hyacinth,train
/content/water_hyacinth_project/dataset/classification/water_hyacinth/_4737_IMG_20230805_165641.jpg,water_hyacinth,train
/content/water_hyacinth_project/dataset/classification/water_hyacinth/_1093_augmented_image_457.jpg,water_hyacinth,train
/content/water_hyacinth_project/dataset/classification/non_water_hyacinth/_585_augmented_image_714.jpg,non_water_hyacinth,train
/content/water_hyacinth_project/dataset/classification/water_hyacinth/_4789_IMG_20230811_165122.jpg,water_hyacinth,train
/content/water_hyacinth_project/dataset/classification/non_water_hyacinth/_76_augmented_image_792.jpg,non_water_hyacinth,train
/content/water_hyacinth_project/dataset/classification/non_water_hyacinth/_47_augmented_image_589.jpg,non_water_hyacinth,train
/content/water_hyacinth_project/dataset/classification/non_water_hyacinth/_847_augmented_image_1001.jpg,non_water_hyacinth,train
/content/water_hyacinth_project/dataset/classification/non_water_hyacinth/_289_IMG_20230811_170759.jpg,non_water_hyacinth,train
/content/water_hyacinth_project/dataset/classification/non_water_hyacinth/_298_augmented_image_987.jpg,non_water_hyacinth,train
/content/water_hyacinth_project/dataset/classification/non_water_hyacinth/_143_IMG_20230814_203931.jpg,non_water_hyacinth,train
/content/water_hyacinth_project/dataset/classification/non_water_hyacinth/_790_augmented_image_592.jpg,non_water_hyacinth,train
/content/water_hyacinth_project/dataset/classification/non_water_hyacinth/_162_20230818_113848.jpg,non_water_hyacinth,train
/content/water_hyacinth_project/dataset/classification/non_water_hyacinth/_434_augmented_image_904.jpg,non_water_hyacinth,train
/content/water_hyacinth_project/dataset/classification/non_water_hyacinth/_253_IMG_20230923_112305.jpg,non_water_hyacinth,train
/content/water_hyacinth_project/dataset/classification/water_hyacinth/_414_20230812_114622.jpg,water_hyacinth,train
/content/water_hyacinth_project/dataset/classification/non_water_hyacinth/_775_augmented_image_764.jpg,non_water_hyacinth,train
/content/water_hyacinth_project/dataset/classification/water_hyacinth/_1117_augmented_image_712.jpg,water_hyacinth,train
/content/water_hyacinth_project/dataset/classification/non_water_hyacinth/_951_augmented_image_394.jpg,non_water_hyacinth,train
/content/water_hyacinth_project/dataset/classification/non_water_hyacinth/_114_20230818_115252.jpg,non_water_hyacinth,train
/content/water_hyacinth_project/dataset/classification/non_water_hyacinth/_560_augmented_image_975.jpg,non_water_hyacinth,train
/content/water_hyacinth_project/dataset/classification/water_hyacinth/_993_augmented_image_729.jpg,water_hyacinth,train
/content/water_hyacinth_project/dataset/classification/water_hyacinth/_1995_augmented_image_862.jpg,water_hyacinth,train
/content/water_hyacinth_project/dataset/classification/water_hyacinth/_271_augmented_image_382.jpg,water_hyacinth,train
/content/water_hyacinth_project/dataset/classification/non_water_hyacinth/_629_augmented_image_577.jpg,non_water_hyacinth,train
/content/water_hyacinth_project/dataset/classification/non_water_hyacinth/_375_20230818_115226.jpg,non_water_hyacinth,train
/content/water_hyacinth_project/dataset/classification/non_water_hyacinth/_349_IMG_20230926_173711.jpg,non_water_hyacinth,train
/content/water_hyacinth_project/dataset/classification/non_water_hyacinth/_465_augmented_image_135.jpg,non_water_hyacinth,train
/content/water_hyacinth_project/dataset/classification/water_hyacinth/_1058_augmented_image_306.jpg,water_hyacinth,train
/content/water_hyacinth_project/dataset/classification/non_water_hyacinth/_52_IMG_20230923_100829.jpg,non_water_hyacinth,train
/content/water_hyacinth_project/dataset/classification/non_water_hyacinth/_414_IMG_20230923_112031.jpg,non_water_hyacinth,train
/content/water_hyacinth_project/dataset/classification/non_water_hyacinth/_3_IMG_20230923_101244.jpg,non_water_hyacinth,train
/content/water_hyacinth_project/dataset/classification/non_water_hyacinth/_151_IMG_20230814_203019.jpg,non_water_hyacinth,train
/content/water_hyacinth_project/dataset/classification/non_water_hyacinth/_472_augmented_image_423.jpg,non_water_hyacinth,train
/content/water_hyacinth_project/dataset/classification/water_hyacinth/_1402_augmented_image_565.jpg,water_hyacinth,train
/content/water_hyacinth_project/dataset/classification/non_water_hyacinth/_547_augmented_image_24.jpg,non_water_hyacinth,train
/content/water_hyacinth_project/dataset/classification/water_hyacinth/_621_augmented_image_625.jpg,water_hyacinth,train
/content/water_hyacinth_project/dataset/classification/water_hyacinth/_576_augmented_image_183.jpg,water_hyacinth,train
/content/water_hyacinth_project/dataset/classification/non_water_hyacinth/_252_IMG_20230923_112325.jpg,non_water_hyacinth,train
/content/water_hyacinth_project/dataset/classification/water_hyacinth/_445_IMG_20230805_182231 Background Removed.jpg,water_hyacinth,train
/content/water_hyacinth_project/dataset/classification/water_hyacinth/_4966_IMG_20230814_210553.jpg,water_hyacinth,train
/content/water_hyacinth_project/dataset/classification/non_water_hyacinth/_140_augmented_image_191.jpg,non_water_hyacinth,train
/content/water_hyacinth_project/dataset/classification/non_water_hyacinth/_520_augmented_image_228.jpg,non_water_hyacinth,train
/content/water_hyacinth_project/dataset/classification/non_water_hyacinth/_163_IMG_20230814_203209.jpg,non_water_hyacinth,train
/content/water_hyacinth_project/dataset/classification/non_water_hyacinth/_433_augmented_image_400.jpg,non_water_hyacinth,train
/content/water_hyacinth_project/dataset/classification/water_hyacinth/_221_IMG_20230814_210718.jpg,water_hyacinth,train
/content/water_hyacinth_project/dataset/classification/non_water_hyacinth/_460_IMG_20230814_203729.jpg,non_water_hyacinth,train
/content/water_hyacinth_project/dataset/classification/non_water_hyacinth/_822_augmented_image_1008.jpg,non_water_hyacinth,train
/content/water_hyacinth_project/dataset/classification/non_water_hyacinth/_490_augmented_image_211.jpg,non_water_hyacinth,train
/content/water_hyacinth_project/dataset/classification/water_hyacinth/_4879_IMG_20230805_183830.jpg,water_hyacinth,train
/content/water_hyacinth_project/dataset/classification/water_hyacinth/_4625_IMG_20230814_180750.jpg,water_hyacinth,train
/content/water_hyacinth_project/dataset/classification/water_hyacinth/_1665_augmented_image_927.jpg,water_hyacinth,train
/content/water_hyacinth_project/dataset/classification/non_water_hyacinth/_699_augmented_image_125.jpg,non_water_hyacinth,train
/content/water_hyacinth_project/dataset/classification/non_water_hyacinth/_50_augmented_image_945.jpg,non_water_hyacinth,train
/content/water_hyacinth_project/dataset/classification/non_water_hyacinth/_135_20230818_114719.jpg,non_water_hyacinth,train
/content/water_hyacinth_project/dataset/classification/non_water_hyacinth/_309_augmented_image_935.jpg,non_water_hyacinth,train
/content/water_hyacinth_project/dataset/classification/water_hyacinth/_696_augmented_image_895.jpg,water_hyacinth,train
/content/water_hyacinth_project/dataset/classification/water_hyacinth/_426_augmented_image_465.jpg,water_hyacinth,train
/content/water_hyacinth_project/dataset/classification/non_water_hyacinth/_267_IMG_20230814_203047.jpg,non_water_hyacinth,train
/content/water_hyacinth_project/dataset/classification/non_water_hyacinth/_631_augmented_image_323.jpg,non_water_hyacinth,train
/content/water_hyacinth_project/dataset/classification/non_water_hyacinth/_61_augmented_image_120.jpg,non_water_hyacinth,train
/content/water_hyacinth_project/dataset/classification/water_hyacinth/_434_IMG_20230805_182832.jpg,water_hyacinth,train
/content/water_hyacinth_project/dataset/classification/non_water_hyacinth/_171_IMG_20230923_100440.jpg,non_water_hyacinth,train
/content/water_hyacinth_project/dataset/classification/non_water_hyacinth/_90_augmented_image_1038.jpg,non_water_hyacinth,train
/content/water_hyacinth_project/dataset/classification/non_water_hyacinth/_238_augmented_image_348.jpg,non_water_hyacinth,train
/content/water_hyacinth_project/dataset/classification/water_hyacinth/_4591_IMG_20230805_184649.jpg,water_hyacinth,train
/content/water_hyacinth_project/dataset/classification/water_hyacinth/_633_augmented_image_113.jpg,water_hyacinth,train
/content/water_hyacinth_project/dataset/classification/non_water_hyacinth/_429_augmented_image_549.jpg,non_water_hyacinth,train
/content/water_hyacinth_project/dataset/classification/non_water_hyacinth/_227_augmented_image_644.jpg,non_water_hyacinth,train
/content/water_hyacinth_project/dataset/classification/non_water_hyacinth/_132_IMG_20230811_164548.jpg,non_water_hyacinth,train
/content/water_hyacinth_project/dataset/classification/non_water_hyacinth/_299_IMG_20230811_165414.jpg,non_water_hyacinth,train
/content/water_hyacinth_project/dataset/classification/water_hyacinth/_1526_augmented_image_86.jpg,water_hyacinth,train
/content/water_hyacinth_project/dataset/classification/non_water_hyacinth/_308_IMG_20230811_165141.jpg,non_water_hyacinth,train
/content/water_hyacinth_project/dataset/classification/non_water_hyacinth/_298_augmented_image_68.jpg,non_water_hyacinth,train
/content/water_hyacinth_project/dataset/classification/non_water_hyacinth/_120_IMG_20230926_173638_1.jpg,non_water_hyacinth,train
/content/water_hyacinth_project/dataset/classification/water_hyacinth/_275_augmented_image_543.jpg,water_hyacinth,train
/content/water_hyacinth_project/dataset/classification/water_hyacinth/_567_augmented_image_493.jpg,water_hyacinth,train
/content/water_hyacinth_project/dataset/classification/non_water_hyacinth/_296_IMG_20230923_101028.jpg,non_water_hyacinth,train
/content/water_hyacinth_project/dataset/classification/water_hyacinth/_1896_augmented_image_358.jpg,water_hyacinth,train
/content/water_hyacinth_project/dataset/classification/non_water_hyacinth/_334_IMG_20230923_101204.jpg,non_water_hyacinth,train
/content/water_hyacinth_project/dataset/classification/non_water_hyacinth/_66_IMG_20230923_112048.jpg,non_water_hyacinth,train
/content/water_hyacinth_project/dataset/classification/water_hyacinth/_906_augmented_image_959.jpg,water_hyacinth,train
/content/water_hyacinth_project/dataset/classification/non_water_hyacinth/_552_augmented_image_1042.jpg,non_water_hyacinth,train
/content/water_hyacinth_project/dataset/classification/water_hyacinth/_286_IMG_20230805_184720.jpg,water_hyacinth,train
/content/water_hyacinth_project/dataset/classification/water_hyacinth/_366_augmented_image_510.jpg,water_hyacinth,train
/content/water_hyacinth_project/dataset/classification/water_hyacinth/_427_IMG_20230814_210308.jpg,water_hyacinth,train
/content/water_hyacinth_project/dataset/classification/water_hyacinth/_189_augmented_image_420.jpg,water_hyacinth,train
/content/water_hyacinth_project/dataset/classification/non_water_hyacinth/_254_IMG_20230923_110856.jpg,non_water_hyacinth,train
/content/water_hyacinth_project/dataset/classification/water_hyacinth/_847_augmented_image_1001.jpg,water_hyacinth,train
/content/water_hyacinth_project/dataset/classification/water_hyacinth/_1125_augmented_image_35.jpg,water_hyacinth,train
/content/water_hyacinth_project/dataset/classification/non_water_hyacinth/_210_IMG_20230811_165253.jpg,non_water_hyacinth,train
/content/water_hyacinth_project/dataset/classification/non_water_hyacinth/_86_20230811_211357.jpg,non_water_hyacinth,train
/content/water_hyacinth_project/dataset/classification/non_water_hyacinth/_955_augmented_image_901.jpg,non_water_hyacinth,train
/content/water_hyacinth_project/dataset/classification/non_water_hyacinth/_313_20230811_211257(0).jpg,non_water_hyacinth,train
/content/water_hyacinth_project/dataset/classification/water_hyacinth/_4959_IMG_20230814_180640.jpg,water_hyacinth,train
/content/water_hyacinth_project/dataset/classification/non_water_hyacinth/_225_augmented_image_335.jpg,non_water_hyacinth,train
/content/water_hyacinth_project/dataset/classification/non_water_hyacinth/_131_augmented_image_687.jpg,non_water_hyacinth,train
/content/water_hyacinth_project/dataset/classification/non_water_hyacinth/_986_augmented_image_212.jpg,non_water_hyacinth,train
/content/water_hyacinth_project/dataset/classification/non_water_hyacinth/_329_IMG_20230811_164425.jpg,non_water_hyacinth,train
/content/water_hyacinth_project/dataset/classification/non_water_hyacinth/_49_IMG_20230923_112357.jpg,non_water_hyacinth,train
/content/water_hyacinth_project/dataset/classification/non_water_hyacinth/_309_augmented_image_715.jpg,non_water_hyacinth,train
/content/water_hyacinth_project/dataset/classification/water_hyacinth/_1247_augmented_image_845.jpg,water_hyacinth,train
/content/water_hyacinth_project/dataset/classification/water_hyacinth/_4896_IMG_20230811_165438.jpg,water_hyacinth,train
/content/water_hyacinth_project/dataset/classification/non_water_hyacinth/_172_augmented_image_1043.jpg,non_water_hyacinth,train
/content/water_hyacinth_project/dataset/classification/water_hyacinth/_329_augmented_image_419.jpg,water_hyacinth,train
/content/water_hyacinth_project/dataset/classification/non_water_hyacinth/_788_augmented_image_85.jpg,non_water_hyacinth,train
/content/water_hyacinth_project/dataset/classification/non_water_hyacinth/_365_IMG_20230923_110436.jpg,non_water_hyacinth,train
/content/water_hyacinth_project/dataset/classification/water_hyacinth/_1116_augmented_image_258.jpg,water_hyacinth,train
/content/water_hyacinth_project/dataset/classification/water_hyacinth/_4942_IMG_20230805_165812.jpg,water_hyacinth,train
/content/water_hyacinth_project/dataset/classification/non_water_hyacinth/_335_augmented_image_991.jpg,non_water_hyacinth,train
/content/water_hyacinth_project/dataset/classification/non_water_hyacinth/_176_IMG_20230926_173038.jpg,non_water_hyacinth,train
/content/water_hyacinth_project/dataset/classification/non_water_hyacinth/_978_augmented_image_148.jpg,non_water_hyacinth,train
/content/water_hyacinth_project/dataset/classification/non_water_hyacinth/_47_IMG_20230923_101558.jpg,non_water_hyacinth,train
/content/water_hyacinth_project/dataset/classification/water_hyacinth/_356_IMG_20230811_163420.jpg,water_hyacinth,train
/content/water_hyacinth_project/dataset/classification/non_water_hyacinth/_467_IMG_20230814_202815.jpg,non_water_hyacinth,train
/content/water_hyacinth_project/dataset/classification/non_water_hyacinth/_12_IMG_20230811_165501.jpg,non_water_hyacinth,train
/content/water_hyacinth_project/dataset/classification/non_water_hyacinth/_413_IMG_20230923_110812.jpg,non_water_hyacinth,train
/content/water_hyacinth_project/dataset/classification/non_water_hyacinth/_169_IMG_20230923_111719.jpg,non_water_hyacinth,train
/content/water_hyacinth_project/dataset/classification/non_water_hyacinth/_287_IMG_20230923_100900.jpg,non_water_hyacinth,train
/content/water_hyacinth_project/dataset/classification/water_hyacinth/_626_augmented_image_683.jpg,water_hyacinth,train
/content/water_hyacinth_project/dataset/classification/non_water_hyacinth/_635_augmented_image_404.jpg,non_water_hyacinth,train
/content/water_hyacinth_project/dataset/classification/non_water_hyacinth/_910_augmented_image_220.jpg,non_water_hyacinth,train
/content/water_hyacinth_project/dataset/classification/water_hyacinth/_214_IMG_20230805_184536.jpg,water_hyacinth,train
/content/water_hyacinth_project/dataset/classification/non_water_hyacinth/_271_IMG_20230923_101222.jpg,non_water_hyacinth,train
/content/water_hyacinth_project/dataset/classification/non_water_hyacinth/_202_20230811_211326.jpg,non_water_hyacinth,train
/content/water_hyacinth_project/dataset/classification/non_water_hyacinth/_659_augmented_image_996.jpg,non_water_hyacinth,train
/content/water_hyacinth_project/dataset/classification/non_water_hyacinth/_810_augmented_image_690.jpg,non_water_hyacinth,train
/content/water_hyacinth_project/dataset/classification/non_water_hyacinth/_510_augmented_image_581.jpg,non_water_hyacinth,train
/content/water_hyacinth_project/dataset/classification/water_hyacinth/_4597_IMG_20230805_182446 Background Removed.jpg,water_hyacinth,train
/content/water_hyacinth_project/dataset/classification/non_water_hyacinth/_141_IMG_20230923_101117.jpg,non_water_hyacinth,train
/content/water_hyacinth_project/dataset/classification/non_water_hyacinth/_283_augmented_image_987.jpg,non_water_hyacinth,train
/content/water_hyacinth_project/dataset/classification/non_water_hyacinth/_86_IMG_20230923_110126.jpg,non_water_hyacinth,train
/content/water_hyacinth_project/dataset/classification/non_water_hyacinth/_355_IMG_20230926_173308.jpg,non_water_hyacinth,train
/content/water_hyacinth_project/dataset/classification/non_water_hyacinth/_274_20230811_211203.jpg,non_water_hyacinth,train
/content/water_hyacinth_project/dataset/classification/non_water_hyacinth/_338_20230811_211443.jpg,non_water_hyacinth,train
/content/water_hyacinth_project/dataset/classification/non_water_hyacinth/_655_augmented_image_525.jpg,non_water_hyacinth,train
/content/water_hyacinth_project/dataset/classification/water_hyacinth/_1056_augmented_image_907.jpg,water_hyacinth,train
/content/water_hyacinth_project/dataset/classification/non_water_hyacinth/_81_augmented_image_93.jpg,non_water_hyacinth,train
/content/water_hyacinth_project/dataset/classification/non_water_hyacinth/_80_IMG_20230811_165512.jpg,non_water_hyacinth,train
/content/water_hyacinth_project/dataset/classification/non_water_hyacinth/_491_augmented_image_130.jpg,non_water_hyacinth,train
/content/water_hyacinth_project/dataset/classification/non_water_hyacinth/_346_augmented_image_686.jpg,non_water_hyacinth,train
/content/water_hyacinth_project/dataset/classification/non_water_hyacinth/_30_augmented_image_170.jpg,non_water_hyacinth,train
/content/water_hyacinth_project/dataset/classification/non_water_hyacinth/_172_20230818_113912.jpg,non_water_hyacinth,train
/content/water_hyacinth_project/dataset/classification/non_water_hyacinth/_475_IMG_20230923_101250.jpg,non_water_hyacinth,train
/content/water_hyacinth_project/dataset/classification/water_hyacinth/_1202_augmented_image_773.jpg,water_hyacinth,train
/content/water_hyacinth_project/dataset/classification/non_water_hyacinth/_884_augmented_image_1023.jpg,non_water_hyacinth,train
/content/water_hyacinth_project/dataset/classification/non_water_hyacinth/_0_20230812_114147.jpg,non_water_hyacinth,train
/content/water_hyacinth_project/dataset/classification/non_water_hyacinth/_953_augmented_image_806.jpg,non_water_hyacinth,train
/content/water_hyacinth_project/dataset/classification/non_water_hyacinth/_745_augmented_image_445.jpg,non_water_hyacinth,train
/content/water_hyacinth_project/dataset/classification/non_water_hyacinth/_906_augmented_image_22.jpg,non_water_hyacinth,train
/content/water_hyacinth_project/dataset/classification/non_water_hyacinth/_242_augmented_image_505.jpg,non_water_hyacinth,train
/content/water_hyacinth_project/dataset/classification/non_water_hyacinth/_526_augmented_image_752.jpg,non_water_hyacinth,train
/content/water_hyacinth_project/dataset/classification/non_water_hyacinth/_294_augmented_image_715.jpg,non_water_hyacinth,train
/content/water_hyacinth_project/dataset/classification/water_hyacinth/_611_augmented_image_437.jpg,water_hyacinth,train
/content/water_hyacinth_project/dataset/classification/non_water_hyacinth/_124_IMG_20230923_100345.jpg,non_water_hyacinth,train
/content/water_hyacinth_project/dataset/classification/non_water_hyacinth/_6_20230812_114101.jpg,non_water_hyacinth,train
/content/water_hyacinth_project/dataset/classification/non_water_hyacinth/_310_20230818_115041.jpg,non_water_hyacinth,train
/content/water_hyacinth_project/dataset/classification/water_hyacinth/_738_augmented_image_97.jpg,water_hyacinth,train
/content/water_hyacinth_project/dataset/classification/non_water_hyacinth/_314_20230811_211501.jpg,non_water_hyacinth,train
/content/water_hyacinth_project/dataset/classification/water_hyacinth/_894_augmented_image_450.jpg,water_hyacinth,train
/content/water_hyacinth_project/dataset/classification/non_water_hyacinth/_494_augmented_image_423.jpg,non_water_hyacinth,train
/content/water_hyacinth_project/dataset/classification/water_hyacinth/_141_augmented_image_52.jpg,water_hyacinth,train
/content/water_hyacinth_project/dataset/classification/non_water_hyacinth/_207_augmented_image_677.jpg,non_water_hyacinth,train
/content/water_hyacinth_project/dataset/classification/non_water_hyacinth/_788_augmented_image_327.jpg,non_water_hyacinth,train
/content/water_hyacinth_project/dataset/classification/non_water_hyacinth/_384_IMG_20230923_105751.jpg,non_water_hyacinth,train
/content/water_hyacinth_project/dataset/classification/non_water_hyacinth/_727_augmented_image_402.jpg,non_water_hyacinth,train
/content/water_hyacinth_project/dataset/classification/non_water_hyacinth/_193_20230811_211154.jpg,non_water_hyacinth,train
/content/water_hyacinth_project/dataset/classification/non_water_hyacinth/_326_IMG_20230811_164503.jpg,non_water_hyacinth,train
/content/water_hyacinth_project/dataset/classification/non_water_hyacinth/_261_IMG_20230923_101209.jpg,non_water_hyacinth,train
/content/water_hyacinth_project/dataset/classification/water_hyacinth/_66_augmented_image_620.jpg,water_hyacinth,train
/content/water_hyacinth_project/dataset/classification/water_hyacinth/_4671_IMG_20230811_165214.jpg,water_hyacinth,train
/content/water_hyacinth_project/dataset/classification/non_water_hyacinth/_161_IMG_20230923_101229.jpg,non_water_hyacinth,train
/content/water_hyacinth_project/dataset/classification/water_hyacinth/_4540_IMG_20230811_172449.jpg,water_hyacinth,train
/content/water_hyacinth_project/dataset/classification/non_water_hyacinth/_499_augmented_image_29.jpg,non_water_hyacinth,train
/content/water_hyacinth_project/dataset/classification/non_water_hyacinth/_23_IMG_20230811_164447.jpg,non_water_hyacinth,train
/content/water_hyacinth_project/dataset/classification/non_water_hyacinth/_792_augmented_image_229.jpg,non_water_hyacinth,train
/content/water_hyacinth_project/dataset/classification/non_water_hyacinth/_25_augmented_image_782.jpg,non_water_hyacinth,train
/content/water_hyacinth_project/dataset/classification/non_water_hyacinth/_272_IMG_20230811_170104.jpg,non_water_hyacinth,train
/content/water_hyacinth_project/dataset/classification/non_water_hyacinth/_967_augmented_image_871.jpg,non_water_hyacinth,train
/content/water_hyacinth_project/dataset/classification/water_hyacinth/_4650_IMG_20230814_180753.jpg,water_hyacinth,train
/content/water_hyacinth_project/dataset/classification/water_hyacinth/_667_augmented_image_727.jpg,water_hyacinth,train
/content/water_hyacinth_project/dataset/classification/non_water_hyacinth/_314_augmented_image_864.jpg,non_water_hyacinth,train
/content/water_hyacinth_project/dataset/classification/water_hyacinth/_1030_augmented_image_30.jpg,water_hyacinth,train
/content/water_hyacinth_project/dataset/classification/non_water_hyacinth/_318_IMG_20230811_164554.jpg,non_water_hyacinth,train
/content/water_hyacinth_project/dataset/classification/non_water_hyacinth/_188_augmented_image_719.jpg,non_water_hyacinth,train
/content/water_hyacinth_project/dataset/classification/non_water_hyacinth/_939_augmented_image_212.jpg,non_water_hyacinth,train
/content/water_hyacinth_project/dataset/classification/non_water_hyacinth/_333_augmented_image_444.jpg,non_water_hyacinth,train
/content/water_hyacinth_project/dataset/classification/non_water_hyacinth/_988_augmented_image_467.jpg,non_water_hyacinth,train
/content/water_hyacinth_project/dataset/classification/water_hyacinth/_162_augmented_image_31.jpg,water_hyacinth,train
/content/water_hyacinth_project/dataset/classification/non_water_hyacinth/_401_IMG_20230923_110405.jpg,non_water_hyacinth,train
/content/water_hyacinth_project/dataset/classification/non_water_hyacinth/_396_IMG_20230923_110913.jpg,non_water_hyacinth,train
/content/water_hyacinth_project/dataset/classification/non_water_hyacinth/_603_augmented_image_323.jpg,non_water_hyacinth,train
/content/water_hyacinth_project/dataset/classification/water_hyacinth/_916_augmented_image_929.jpg,water_hyacinth,train
/content/water_hyacinth_project/dataset/classification/non_water_hyacinth/_418_IMG_20230923_105555.jpg,non_water_hyacinth,train
/content/water_hyacinth_project/dataset/classification/non_water_hyacinth/_729_augmented_image_171.jpg,non_water_hyacinth,train
/content/water_hyacinth_project/dataset/classification/non_water_hyacinth/_286_augmented_image_586.jpg,non_water_hyacinth,train
/content/water_hyacinth_project/dataset/classification/water_hyacinth/_1238_augmented_image_348.jpg,water_hyacinth,train
/content/water_hyacinth_project/dataset/classification/non_water_hyacinth/_60_augmented_image_907.jpg,non_water_hyacinth,train
/content/water_hyacinth_project/dataset/classification/non_water_hyacinth/_954_augmented_image_379.jpg,non_water_hyacinth,train
/content/water_hyacinth_project/dataset/classification/non_water_hyacinth/_570_augmented_image_344.jpg,non_water_hyacinth,train
/content/water_hyacinth_project/dataset/classification/non_water_hyacinth/_75_IMG_20230923_111846.jpg,non_water_hyacinth,train
/content/water_hyacinth_project/dataset/classification/water_hyacinth/_4754_IMG_20230805_184544.jpg,water_hyacinth,train
/content/water_hyacinth_project/dataset/classification/non_water_hyacinth/_257_augmented_image_487.jpg,non_water_hyacinth,train
/content/water_hyacinth_project/dataset/classification/non_water_hyacinth/_408_IMG_20230923_111644.jpg,non_water_hyacinth,train
/content/water_hyacinth_project/dataset/classification/water_hyacinth/_1210_augmented_image_288.jpg,water_hyacinth,train
/content/water_hyacinth_project/dataset/classification/water_hyacinth/_1172_augmented_image_750.jpg,water_hyacinth,train
/content/water_hyacinth_project/dataset/classification/non_water_hyacinth/_981_augmented_image_38.jpg,non_water_hyacinth,train
/content/water_hyacinth_project/dataset/classification/non_water_hyacinth/_251_20230818_114911.jpg,non_water_hyacinth,train
/content/water_hyacinth_project/dataset/classification/non_water_hyacinth/_327_IMG_20230923_112410.jpg,non_water_hyacinth,train
/content/water_hyacinth_project/dataset/classification/non_water_hyacinth/_556_augmented_image_997.jpg,non_water_hyacinth,train
/content/water_hyacinth_project/dataset/classification/non_water_hyacinth/_596_augmented_image_498.jpg,non_water_hyacinth,train
/content/water_hyacinth_project/dataset/classification/non_water_hyacinth/_44_augmented_image_275.jpg,non_water_hyacinth,train
/content/water_hyacinth_project/dataset/classification/non_water_hyacinth/_34_IMG_20230811_164433.jpg,non_water_hyacinth,train
/content/water_hyacinth_project/dataset/classification/water_hyacinth/_395_augmented_image_128.jpg,water_hyacinth,train
/content/water_hyacinth_project/dataset/classification/water_hyacinth/_4738_IMG_20230811_171928.jpg,water_hyacinth,train
/content/water_hyacinth_project/dataset/classification/non_water_hyacinth/_746_augmented_image_248.jpg,non_water_hyacinth,train
/content/water_hyacinth_project/dataset/classification/water_hyacinth/_1518_augmented_image_965.jpg,water_hyacinth,train
/content/water_hyacinth_project/dataset/classification/non_water_hyacinth/_356_IMG_20230923_103509.jpg,non_water_hyacinth,train
/content/water_hyacinth_project/dataset/classification/non_water_hyacinth/_410_augmented_image_757.jpg,non_water_hyacinth,train
/content/water_hyacinth_project/dataset/classification/non_water_hyacinth/_513_augmented_image_176.jpg,non_water_hyacinth,train
/content/water_hyacinth_project/dataset/classification/non_water_hyacinth/_473_augmented_image_758.jpg,non_water_hyacinth,train
/content/water_hyacinth_project/dataset/classification/water_hyacinth/_622_augmented_image_59.jpg,water_hyacinth,train
/content/water_hyacinth_project/dataset/classification/non_water_hyacinth/_170_IMG_20230926_173637.jpg,non_water_hyacinth,train
/content/water_hyacinth_project/dataset/classification/water_hyacinth/_336_IMG_20230814_180802.jpg,water_hyacinth,train
/content/water_hyacinth_project/dataset/classification/non_water_hyacinth/_186_augmented_image_386.jpg,non_water_hyacinth,train
/content/water_hyacinth_project/dataset/classification/non_water_hyacinth/_154_IMG_20230814_174724.jpg,non_water_hyacinth,train
/content/water_hyacinth_project/dataset/classification/non_water_hyacinth/_521_augmented_image_350.jpg,non_water_hyacinth,train
/content/water_hyacinth_project/dataset/classification/water_hyacinth/_4614_IMG_20230814_210733.jpg,water_hyacinth,train
/content/water_hyacinth_project/dataset/classification/non_water_hyacinth/_76_augmented_image_892.jpg,non_water_hyacinth,train
/content/water_hyacinth_project/dataset/classification/non_water_hyacinth/_127_IMG_20230811_164436.jpg,non_water_hyacinth,train
/content/water_hyacinth_project/dataset/classification/non_water_hyacinth/_189_IMG_20230814_174139.jpg,non_water_hyacinth,train
/content/water_hyacinth_project/dataset/classification/non_water_hyacinth/_159_20230818_114916.jpg,non_water_hyacinth,train
/content/water_hyacinth_project/dataset/classification/water_hyacinth/_1197_augmented_image_863.jpg,water_hyacinth,train
/content/water_hyacinth_project/dataset/classification/non_water_hyacinth/_948_augmented_image_570.jpg,non_water_hyacinth,train
/content/water_hyacinth_project/dataset/classification/water_hyacinth/_4541_IMG_20230805_171804.jpg,water_hyacinth,train
/content/water_hyacinth_project/dataset/classification/non_water_hyacinth/_622_augmented_image_691.jpg,non_water_hyacinth,train
/content/water_hyacinth_project/dataset/classification/non_water_hyacinth/_425_IMG_20230926_173334.jpg,non_water_hyacinth,train
/content/water_hyacinth_project/dataset/classification/non_water_hyacinth/_641_augmented_image_917.jpg,non_water_hyacinth,train
/content/water_hyacinth_project/dataset/classification/non_water_hyacinth/_369_IMG_20230923_112337.jpg,non_water_hyacinth,train
/content/water_hyacinth_project/dataset/classification/non_water_hyacinth/_79_augmented_image_853.jpg,non_water_hyacinth,train
/content/water_hyacinth_project/dataset/classification/non_water_hyacinth/_343_augmented_image_44.jpg,non_water_hyacinth,train
/content/water_hyacinth_project/dataset/classification/non_water_hyacinth/_120_augmented_image_721.jpg,non_water_hyacinth,train
/content/water_hyacinth_project/dataset/classification/non_water_hyacinth/_406_IMG_20230923_112151.jpg,non_water_hyacinth,train
/content/water_hyacinth_project/dataset/classification/water_hyacinth/_1895_augmented_image_689.jpg,water_hyacinth,train
/content/water_hyacinth_project/dataset/classification/non_water_hyacinth/_408_augmented_image_919.jpg,non_water_hyacinth,train
/content/water_hyacinth_project/dataset/classification/non_water_hyacinth/_160_IMG_20230814_174327.jpg,non_water_hyacinth,train
/content/water_hyacinth_project/dataset/classification/water_hyacinth/_4902_20230812_114956 Background Removed.jpg,water_hyacinth,train
/content/water_hyacinth_project/dataset/classification/water_hyacinth/_1897_augmented_image_539.jpg,water_hyacinth,train
/content/water_hyacinth_project/dataset/classification/non_water_hyacinth/_462_augmented_image_652.jpg,non_water_hyacinth,train
/content/water_hyacinth_project/dataset/classification/water_hyacinth/_4811_IMG_20230811_163820.jpg,water_hyacinth,train
/content/water_hyacinth_project/dataset/classification/water_hyacinth/_1218_augmented_image_500.jpg,water_hyacinth,train
/content/water_hyacinth_project/dataset/classification/non_water_hyacinth/_277_20230811_211454.jpg,non_water_hyacinth,train
/content/water_hyacinth_project/dataset/classification/non_water_hyacinth/_163_IMG_20230926_173014.jpg,non_water_hyacinth,train
/content/water_hyacinth_project/dataset/classification/non_water_hyacinth/_45_augmented_image_249.jpg,non_water_hyacinth,train
/content/water_hyacinth_project/dataset/classification/water_hyacinth/_1243_augmented_image_744.jpg,water_hyacinth,train
/content/water_hyacinth_project/dataset/classification/non_water_hyacinth/_413_20230818_115007.jpg,non_water_hyacinth,train
/content/water_hyacinth_project/dataset/classification/water_hyacinth/_1460_augmented_image_9.jpg,water_hyacinth,train
/content/water_hyacinth_project/dataset/classification/non_water_hyacinth/_874_augmented_image_1047.jpg,non_water_hyacinth,train
/content/water_hyacinth_project/dataset/classification/non_water_hyacinth/_33_20230818_113405.jpg,non_water_hyacinth,train
/content/water_hyacinth_project/dataset/classification/water_hyacinth/_192_augmented_image_58.jpg,water_hyacinth,train
/content/water_hyacinth_project/dataset/classification/non_water_hyacinth/_638_augmented_image_900.jpg,non_water_hyacinth,train
/content/water_hyacinth_project/dataset/classification/water_hyacinth/_40_augmented_image_463.jpg,water_hyacinth,train
/content/water_hyacinth_project/dataset/classification/non_water_hyacinth/_680_augmented_image_270.jpg,non_water_hyacinth,train
/content/water_hyacinth_project/dataset/classification/non_water_hyacinth/_383_IMG_20230923_105645.jpg,non_water_hyacinth,train
/content/water_hyacinth_project/dataset/classification/non_water_hyacinth/_354_augmented_image_558.jpg,non_water_hyacinth,train
/content/water_hyacinth_project/dataset/classification/non_water_hyacinth/_197_IMG_20230926_173154.jpg,non_water_hyacinth,train
/content/water_hyacinth_project/dataset/classification/non_water_hyacinth/_956_augmented_image_377.jpg,non_water_hyacinth,train
/content/water_hyacinth_project/dataset/classification/non_water_hyacinth/_227_IMG_20230811_164430.jpg,non_water_hyacinth,train
/content/water_hyacinth_project/dataset/classification/non_water_hyacinth/_94_20230818_115027.jpg,non_water_hyacinth,train
/content/water_hyacinth_project/dataset/classification/non_water_hyacinth/_77_20230818_115232.jpg,non_water_hyacinth,train
/content/water_hyacinth_project/dataset/classification/non_water_hyacinth/_97_20230818_115211.jpg,non_water_hyacinth,train
/content/water_hyacinth_project/dataset/classification/water_hyacinth/_486_augmented_image_19.jpg,water_hyacinth,train
/content/water_hyacinth_project/dataset/classification/non_water_hyacinth/_265_IMG_20230926_173000.jpg,non_water_hyacinth,train
/content/water_hyacinth_project/dataset/classification/non_water_hyacinth/_364_augmented_image_331.jpg,non_water_hyacinth,train
/content/water_hyacinth_project/dataset/classification/water_hyacinth/_26_IMG_20230814_210736.jpg,water_hyacinth,train
/content/water_hyacinth_project/dataset/classification/non_water_hyacinth/_164_augmented_image_869.jpg,non_water_hyacinth,train
/content/water_hyacinth_project/dataset/classification/non_water_hyacinth/_415_IMG_20230923_103442.jpg,non_water_hyacinth,train
/content/water_hyacinth_project/dataset/classification/non_water_hyacinth/_12_augmented_image_195.jpg,non_water_hyacinth,train
/content/water_hyacinth_project/dataset/classification/water_hyacinth/_380_IMG_20230814_180636.jpg,water_hyacinth,train
/content/water_hyacinth_project/dataset/classification/non_water_hyacinth/_285_IMG_20230923_100836.jpg,non_water_hyacinth,train
/content/water_hyacinth_project/dataset/classification/non_water_hyacinth/_243_augmented_image_744.jpg,non_water_hyacinth,train
/content/water_hyacinth_project/dataset/classification/water_hyacinth/_163_augmented_image_880.jpg,water_hyacinth,train
/content/water_hyacinth_project/dataset/classification/non_water_hyacinth/_35_augmented_image_626.jpg,non_water_hyacinth,train
/content/water_hyacinth_project/dataset/classification/water_hyacinth/_922_augmented_image_151.jpg,water_hyacinth,train
/content/water_hyacinth_project/dataset/classification/water_hyacinth/_4892_IMG_20230814_210252 Background Removed.jpg,water_hyacinth,train
/content/water_hyacinth_project/dataset/classification/non_water_hyacinth/_312_augmented_image_619.jpg,non_water_hyacinth,train
/content/water_hyacinth_project/dataset/classification/non_water_hyacinth/_817_augmented_image_563.jpg,non_water_hyacinth,train
/content/water_hyacinth_project/dataset/classification/water_hyacinth/_757_augmented_image_923.jpg,water_hyacinth,train
/content/water_hyacinth_project/dataset/classification/water_hyacinth/_3_augmented_image_441.jpg,water_hyacinth,train
/content/water_hyacinth_project/dataset/classification/non_water_hyacinth/_162_IMG_20230923_112228.jpg,non_water_hyacinth,train
/content/water_hyacinth_project/dataset/classification/water_hyacinth/_1482_augmented_image_333.jpg,water_hyacinth,train
/content/water_hyacinth_project/dataset/classification/water_hyacinth/_105_IMG_20230814_210456.jpg,water_hyacinth,train
/content/water_hyacinth_project/dataset/classification/non_water_hyacinth/_457_20230818_113831.jpg,non_water_hyacinth,train
/content/water_hyacinth_project/dataset/classification/non_water_hyacinth/_26_IMG_20230923_101101.jpg,non_water_hyacinth,train
/content/water_hyacinth_project/dataset/classification/non_water_hyacinth/_266_IMG_20230926_173619.jpg,non_water_hyacinth,train
/content/water_hyacinth_project/dataset/classification/non_water_hyacinth/_259_IMG_20230811_170405.jpg,non_water_hyacinth,train
/content/water_hyacinth_project/dataset/classification/non_water_hyacinth/_19_20230818_112653.jpg,non_water_hyacinth,train
/content/water_hyacinth_project/dataset/classification/water_hyacinth/_974_augmented_image_215.jpg,water_hyacinth,train
/content/water_hyacinth_project/dataset/classification/water_hyacinth/_1042_augmented_image_795.jpg,water_hyacinth,train
/content/water_hyacinth_project/dataset/classification/non_water_hyacinth/_475_augmented_image_544.jpg,non_water_hyacinth,train
/content/water_hyacinth_project/dataset/classification/water_hyacinth/_1132_augmented_image_533.jpg,water_hyacinth,train
/content/water_hyacinth_project/dataset/classification/water_hyacinth/_1289_augmented_image_963.jpg,water_hyacinth,train
/content/water_hyacinth_project/dataset/classification/non_water_hyacinth/_14_augmented_image_597.jpg,non_water_hyacinth,train
/content/water_hyacinth_project/dataset/classification/water_hyacinth/_1731_augmented_image_105.jpg,water_hyacinth,train
/content/water_hyacinth_project/dataset/classification/non_water_hyacinth/_476_20230818_114744.jpg,non_water_hyacinth,train
/content/water_hyacinth_project/dataset/classification/water_hyacinth/_4546_IMG_20230805_185421.jpg,water_hyacinth,train
/content/water_hyacinth_project/dataset/classification/water_hyacinth/_4860_IMG_20230811_165458.jpg,water_hyacinth,train
/content/water_hyacinth_project/dataset/classification/non_water_hyacinth/_135_augmented_image_623.jpg,non_water_hyacinth,train
/content/water_hyacinth_project/dataset/classification/non_water_hyacinth/_706_augmented_image_405.jpg,non_water_hyacinth,train
/content/water_hyacinth_project/dataset/classification/water_hyacinth/_1566_augmented_image_732.jpg,water_hyacinth,train
/content/water_hyacinth_project/dataset/classification/non_water_hyacinth/_405_IMG_20230814_204536.jpg,non_water_hyacinth,train
/content/water_hyacinth_project/dataset/classification/water_hyacinth/_1923_augmented_image_516.jpg,water_hyacinth,train
/content/water_hyacinth_project/dataset/classification/non_water_hyacinth/_165_20230818_113251.jpg,non_water_hyacinth,train
/content/water_hyacinth_project/dataset/classification/non_water_hyacinth/_337_20230818_113811.jpg,non_water_hyacinth,train
/content/water_hyacinth_project/dataset/classification/non_water_hyacinth/_231_augmented_image_274.jpg,non_water_hyacinth,train
/content/water_hyacinth_project/dataset/classification/non_water_hyacinth/_410_IMG_20230811_163740.jpg,non_water_hyacinth,train
/content/water_hyacinth_project/dataset/classification/water_hyacinth/_461_IMG_20230805_184450.jpg,water_hyacinth,train
/content/water_hyacinth_project/dataset/classification/non_water_hyacinth/_105_IMG_20230811_165303.jpg,non_water_hyacinth,train
/content/water_hyacinth_project/dataset/classification/water_hyacinth/_1010_augmented_image_65.jpg,water_hyacinth,train
/content/water_hyacinth_project/dataset/classification/water_hyacinth/_4712_IMG_20230811_163414.jpg,water_hyacinth,train
/content/water_hyacinth_project/dataset/classification/water_hyacinth/_658_augmented_image_717.jpg,water_hyacinth,train
/content/water_hyacinth_project/dataset/classification/water_hyacinth/_62_augmented_image_245.jpg,water_hyacinth,train
/content/water_hyacinth_project/dataset/classification/non_water_hyacinth/_276_IMG_20230811_170222.jpg,non_water_hyacinth,train
/content/water_hyacinth_project/dataset/classification/water_hyacinth/_1124_augmented_image_308.jpg,water_hyacinth,train
/content/water_hyacinth_project/dataset/classification/non_water_hyacinth/_252_20230812_114133.jpg,non_water_hyacinth,train
/content/water_hyacinth_project/dataset/classification/water_hyacinth/_1703_augmented_image_322.jpg,water_hyacinth,train
/content/water_hyacinth_project/dataset/classification/non_water_hyacinth/_210_augmented_image_288.jpg,non_water_hyacinth,train
/content/water_hyacinth_project/dataset/classification/water_hyacinth/_301_IMG_20230805_182545 Background Removed.jpg,water_hyacinth,train
/content/water_hyacinth_project/dataset/classification/non_water_hyacinth/_988_augmented_image_368.jpg,non_water_hyacinth,train
/content/water_hyacinth_project/dataset/classification/non_water_hyacinth/_261_IMG_20230923_112429.jpg,non_water_hyacinth,train
/content/water_hyacinth_project/dataset/classification/non_water_hyacinth/_305_IMG_20230811_170227_1.jpg,non_water_hyacinth,train
/content/water_hyacinth_project/dataset/classification/non_water_hyacinth/_659_augmented_image_520.jpg,non_water_hyacinth,train
/content/water_hyacinth_project/dataset/classification/water_hyacinth/_508_augmented_image_658.jpg,water_hyacinth,train
/content/water_hyacinth_project/dataset/classification/non_water_hyacinth/_381_IMG_20230923_105914.jpg,non_water_hyacinth,train
/content/water_hyacinth_project/dataset/classification/water_hyacinth/_780_augmented_image_371.jpg,water_hyacinth,train
/content/water_hyacinth_project/dataset/classification/non_water_hyacinth/_404_IMG_20230923_112449.jpg,non_water_hyacinth,train
/content/water_hyacinth_project/dataset/classification/water_hyacinth/_1283_augmented_image_987.jpg,water_hyacinth,train
/content/water_hyacinth_project/dataset/classification/non_water_hyacinth/_89_IMG_20230923_100555.jpg,non_water_hyacinth,train
/content/water_hyacinth_project/dataset/classification/water_hyacinth/_4958_IMG_20230814_180754.jpg,water_hyacinth,train
/content/water_hyacinth_project/dataset/classification/water_hyacinth/_1320_augmented_image_977.jpg,water_hyacinth,train
/content/water_hyacinth_project/dataset/classification/water_hyacinth/_4609_IMG_20230805_185404 Background Removed.jpg,water_hyacinth,train
/content/water_hyacinth_project/dataset/classification/water_hyacinth/_1625_augmented_image_21.jpg,water_hyacinth,train
/content/water_hyacinth_project/dataset/classification/water_hyacinth/_646_augmented_image_564.jpg,water_hyacinth,train
/content/water_hyacinth_project/dataset/classification/non_water_hyacinth/_1014_augmented_image_147.jpg,non_water_hyacinth,train
/content/water_hyacinth_project/dataset/classification/non_water_hyacinth/_156_augmented_image_810.jpg,non_water_hyacinth,train
/content/water_hyacinth_project/dataset/classification/water_hyacinth/_1013_augmented_image_218.jpg,water_hyacinth,train
/content/water_hyacinth_project/dataset/classification/water_hyacinth/_1377_augmented_image_628.jpg,water_hyacinth,train
/content/water_hyacinth_project/dataset/classification/non_water_hyacinth/_138_augmented_image_142.jpg,non_water_hyacinth,train
/content/water_hyacinth_project/dataset/classification/non_water_hyacinth/_882_augmented_image_524.jpg,non_water_hyacinth,train
/content/water_hyacinth_project/dataset/classification/non_water_hyacinth/_153_IMG_20230814_174201.jpg,non_water_hyacinth,train
/content/water_hyacinth_project/dataset/classification/non_water_hyacinth/_146_IMG_20230811_165409.jpg,non_water_hyacinth,train
/content/water_hyacinth_project/dataset/classification/non_water_hyacinth/_302_augmented_image_32.jpg,non_water_hyacinth,train
/content/water_hyacinth_project/dataset/classification/non_water_hyacinth/_425_IMG_20230814_203505.jpg,non_water_hyacinth,train
/content/water_hyacinth_project/dataset/classification/non_water_hyacinth/_274_IMG_20230923_112047.jpg,non_water_hyacinth,train
/content/water_hyacinth_project/dataset/classification/water_hyacinth/_295_IMG_20230814_210140.jpg,water_hyacinth,train
/content/water_hyacinth_project/dataset/classification/non_water_hyacinth/_266_IMG_20230923_101214.jpg,non_water_hyacinth,train
/content/water_hyacinth_project/dataset/classification/water_hyacinth/_1159_augmented_image_477.jpg,water_hyacinth,train
/content/water_hyacinth_project/dataset/classification/non_water_hyacinth/_906_augmented_image_959.jpg,non_water_hyacinth,train
/content/water_hyacinth_project/dataset/classification/non_water_hyacinth/_121_augmented_image_637.jpg,non_water_hyacinth,train
/content/water_hyacinth_project/dataset/classification/non_water_hyacinth/_1032_augmented_image_913.jpg,non_water_hyacinth,train
/content/water_hyacinth_project/dataset/classification/non_water_hyacinth/_136_IMG_20230923_111922.jpg,non_water_hyacinth,train
/content/water_hyacinth_project/dataset/classification/water_hyacinth/_358_augmented_image_954.jpg,water_hyacinth,train
/content/water_hyacinth_project/dataset/classification/non_water_hyacinth/_642_augmented_image_731.jpg,non_water_hyacinth,train
/content/water_hyacinth_project/dataset/classification/water_hyacinth/_4601_IMG_20230805_183739.jpg,water_hyacinth,train
/content/water_hyacinth_project/dataset/classification/non_water_hyacinth/_78_IMG_20230923_112055.jpg,non_water_hyacinth,train
/content/water_hyacinth_project/dataset/classification/water_hyacinth/_813_augmented_image_998.jpg,water_hyacinth,train
/content/water_hyacinth_project/dataset/classification/non_water_hyacinth/_15_augmented_image_351.jpg,non_water_hyacinth,train
/content/water_hyacinth_project/dataset/classification/non_water_hyacinth/_194_IMG_20230814_202601.jpg,non_water_hyacinth,train
/content/water_hyacinth_project/dataset/classification/non_water_hyacinth/_423_IMG_20230814_203429.jpg,non_water_hyacinth,train
/content/water_hyacinth_project/dataset/classification/water_hyacinth/_433_augmented_image_839.jpg,water_hyacinth,train
/content/water_hyacinth_project/dataset/classification/water_hyacinth/_1227_augmented_image_644.jpg,water_hyacinth,train
/content/water_hyacinth_project/dataset/classification/non_water_hyacinth/_134_augmented_image_973.jpg,non_water_hyacinth,train
/content/water_hyacinth_project/dataset/classification/water_hyacinth/_1078_augmented_image_585.jpg,water_hyacinth,train
/content/water_hyacinth_project/dataset/classification/non_water_hyacinth/_306_IMG_20230811_165132.jpg,non_water_hyacinth,train
/content/water_hyacinth_project/dataset/classification/water_hyacinth/_1228_augmented_image_6.jpg,water_hyacinth,train
/content/water_hyacinth_project/dataset/classification/non_water_hyacinth/_801_augmented_image_205.jpg,non_water_hyacinth,train
/content/water_hyacinth_project/dataset/classification/water_hyacinth/_14_augmented_image_141.jpg,water_hyacinth,train
/content/water_hyacinth_project/dataset/classification/non_water_hyacinth/_305_augmented_image_408.jpg,non_water_hyacinth,train
/content/water_hyacinth_project/dataset/classification/water_hyacinth/_4632_IMG_20230811_173152.jpg,water_hyacinth,train
/content/water_hyacinth_project/dataset/classification/non_water_hyacinth/_233_augmented_image_17.jpg,non_water_hyacinth,train
/content/water_hyacinth_project/dataset/classification/non_water_hyacinth/_245_IMG_20230923_112036.jpg,non_water_hyacinth,train
/content/water_hyacinth_project/dataset/classification/non_water_hyacinth/_184_IMG_20230811_165329.jpg,non_water_hyacinth,train
/content/water_hyacinth_project/dataset/classification/non_water_hyacinth/_621_augmented_image_460.jpg,non_water_hyacinth,train
/content/water_hyacinth_project/dataset/classification/water_hyacinth/_245_IMG_20230814_210421.jpg,water_hyacinth,train
/content/water_hyacinth_project/dataset/classification/water_hyacinth/_1841_augmented_image_662.jpg,water_hyacinth,train
/content/water_hyacinth_project/dataset/classification/water_hyacinth/_452_IMG_20230811_172443.jpg,water_hyacinth,train
/content/water_hyacinth_project/dataset/classification/non_water_hyacinth/_65_IMG_20230814_205314.jpg,non_water_hyacinth,train
/content/water_hyacinth_project/dataset/classification/non_water_hyacinth/_957_augmented_image_986.jpg,non_water_hyacinth,train
/content/water_hyacinth_project/dataset/classification/non_water_hyacinth/_311_IMG_20230923_110948.jpg,non_water_hyacinth,train
/content/water_hyacinth_project/dataset/classification/non_water_hyacinth/_71_IMG_20230814_203747.jpg,non_water_hyacinth,train
/content/water_hyacinth_project/dataset/classification/non_water_hyacinth/_834_augmented_image_392.jpg,non_water_hyacinth,train
/content/water_hyacinth_project/dataset/classification/non_water_hyacinth/_41_augmented_image_1013.jpg,non_water_hyacinth,train
/content/water_hyacinth_project/dataset/classification/non_water_hyacinth/_144_augmented_image_1011.jpg,non_water_hyacinth,train
/content/water_hyacinth_project/dataset/classification/water_hyacinth/_136_20230812_114954 Background Removed.jpg,water_hyacinth,train
/content/water_hyacinth_project/dataset/classification/non_water_hyacinth/_829_augmented_image_316.jpg,non_water_hyacinth,train
/content/water_hyacinth_project/dataset/classification/non_water_hyacinth/_96_augmented_image_678.jpg,non_water_hyacinth,train
/content/water_hyacinth_project/dataset/classification/non_water_hyacinth/_1012_augmented_image_726.jpg,non_water_hyacinth,train
/content/water_hyacinth_project/dataset/classification/non_water_hyacinth/_95_augmented_image_532.jpg,non_water_hyacinth,train
/content/water_hyacinth_project/dataset/classification/water_hyacinth/_4619_IMG_20230805_183823.jpg,water_hyacinth,train
/content/water_hyacinth_project/dataset/classification/non_water_hyacinth/_447_IMG_20230923_111924.jpg,non_water_hyacinth,train
/content/water_hyacinth_project/dataset/classification/water_hyacinth/_4859_IMG_20230805_184726.jpg,water_hyacinth,train
/content/water_hyacinth_project/dataset/classification/water_hyacinth/_784_augmented_image_442.jpg,water_hyacinth,train
/content/water_hyacinth_project/dataset/classification/non_water_hyacinth/_60_IMG_20230814_205301.jpg,non_water_hyacinth,train
/content/water_hyacinth_project/dataset/classification/non_water_hyacinth/_25_IMG_20230923_105918.jpg,non_water_hyacinth,train
/content/water_hyacinth_project/dataset/classification/non_water_hyacinth/_835_augmented_image_307.jpg,non_water_hyacinth,train
/content/water_hyacinth_project/dataset/classification/non_water_hyacinth/_2_augmented_image_608.jpg,non_water_hyacinth,train
/content/water_hyacinth_project/dataset/classification/water_hyacinth/_15_augmented_image_415.jpg,water_hyacinth,train
/content/water_hyacinth_project/dataset/classification/non_water_hyacinth/_542_augmented_image_576.jpg,non_water_hyacinth,train
/content/water_hyacinth_project/dataset/classification/water_hyacinth/_1986_augmented_image_840.jpg,water_hyacinth,train
/content/water_hyacinth_project/dataset/classification/non_water_hyacinth/_369_augmented_image_373.jpg,non_water_hyacinth,train
/content/water_hyacinth_project/dataset/classification/non_water_hyacinth/_253_20230812_114139.jpg,non_water_hyacinth,train
/content/water_hyacinth_project/dataset/classification/water_hyacinth/_4535_IMG_20230805_183842.jpg,water_hyacinth,train
/content/water_hyacinth_project/dataset/classification/non_water_hyacinth/_184_IMG_20230923_112459.jpg,non_water_hyacinth,train
/content/water_hyacinth_project/dataset/classification/non_water_hyacinth/_290_augmented_image_186.jpg,non_water_hyacinth,train
/content/water_hyacinth_project/dataset/classification/non_water_hyacinth/_178_IMG_20230923_110831.jpg,non_water_hyacinth,train
/content/water_hyacinth_project/dataset/classification/water_hyacinth/_1764_augmented_image_801.jpg,water_hyacinth,train
/content/water_hyacinth_project/dataset/classification/non_water_hyacinth/_277_IMG_20230926_173158.jpg,non_water_hyacinth,train
/content/water_hyacinth_project/dataset/classification/non_water_hyacinth/_239_IMG_20230926_173622.jpg,non_water_hyacinth,train
/content/water_hyacinth_project/dataset/classification/non_water_hyacinth/_992_augmented_image_309.jpg,non_water_hyacinth,train
/content/water_hyacinth_project/dataset/classification/non_water_hyacinth/_372_IMG_20230923_111009.jpg,non_water_hyacinth,train
/content/water_hyacinth_project/dataset/classification/water_hyacinth/_560_augmented_image_975.jpg,water_hyacinth,train
/content/water_hyacinth_project/dataset/classification/water_hyacinth/_119_augmented_image_537.jpg,water_hyacinth,train
/content/water_hyacinth_project/dataset/classification/non_water_hyacinth/_84_IMG_20230923_105747.jpg,non_water_hyacinth,train
/content/water_hyacinth_project/dataset/classification/non_water_hyacinth/_205_augmented_image_694.jpg,non_water_hyacinth,train
/content/water_hyacinth_project/dataset/classification/water_hyacinth/_401_IMG_20230805_183041.jpg,water_hyacinth,train
/content/water_hyacinth_project/dataset/classification/non_water_hyacinth/_94_IMG_20230926_173521.jpg,non_water_hyacinth,train
/content/water_hyacinth_project/dataset/classification/non_water_hyacinth/_392_augmented_image_159.jpg,non_water_hyacinth,train
/content/water_hyacinth_project/dataset/classification/water_hyacinth/_1079_augmented_image_150.jpg,water_hyacinth,train
/content/water_hyacinth_project/dataset/classification/non_water_hyacinth/_219_20230818_115257.jpg,non_water_hyacinth,train
/content/water_hyacinth_project/dataset/classification/water_hyacinth/_1334_augmented_image_285.jpg,water_hyacinth,train
/content/water_hyacinth_project/dataset/classification/non_water_hyacinth/_71_augmented_image_792.jpg,non_water_hyacinth,train
/content/water_hyacinth_project/dataset/classification/water_hyacinth/_543_augmented_image_340.jpg,water_hyacinth,train
/content/water_hyacinth_project/dataset/classification/water_hyacinth/_235_augmented_image_197.jpg,water_hyacinth,train
/content/water_hyacinth_project/dataset/classification/non_water_hyacinth/_20_augmented_image_268.jpg,non_water_hyacinth,train
/content/water_hyacinth_project/dataset/classification/non_water_hyacinth/_668_augmented_image_46.jpg,non_water_hyacinth,train
/content/water_hyacinth_project/dataset/classification/non_water_hyacinth/_449_20230818_114910.jpg,non_water_hyacinth,train
/content/water_hyacinth_project/dataset/classification/non_water_hyacinth/_757_augmented_image_923.jpg,non_water_hyacinth,train
/content/water_hyacinth_project/dataset/classification/non_water_hyacinth/_158_IMG_20230923_110410.jpg,non_water_hyacinth,train
/content/water_hyacinth_project/dataset/classification/water_hyacinth/_1340_augmented_image_488.jpg,water_hyacinth,train
/content/water_hyacinth_project/dataset/classification/non_water_hyacinth/_625_augmented_image_562.jpg,non_water_hyacinth,train
/content/water_hyacinth_project/dataset/classification/water_hyacinth/_4663_IMG_20230803_090132.jpg,water_hyacinth,train
/content/water_hyacinth_project/dataset/classification/non_water_hyacinth/_955_augmented_image_567.jpg,non_water_hyacinth,train
/content/water_hyacinth_project/dataset/classification/non_water_hyacinth/_75_IMG_20230811_163702.jpg,non_water_hyacinth,train
/content/water_hyacinth_project/dataset/classification/water_hyacinth/_1365_augmented_image_25.jpg,water_hyacinth,train
/content/water_hyacinth_project/dataset/classification/non_water_hyacinth/_637_augmented_image_401.jpg,non_water_hyacinth,train
/content/water_hyacinth_project/dataset/classification/water_hyacinth/_1761_augmented_image_64.jpg,water_hyacinth,train
/content/water_hyacinth_project/dataset/classification/water_hyacinth/_312_augmented_image_619.jpg,water_hyacinth,train
/content/water_hyacinth_project/dataset/classification/water_hyacinth/_422_augmented_image_175.jpg,water_hyacinth,train
/content/water_hyacinth_project/dataset/classification/non_water_hyacinth/_53_IMG_20230811_170358.jpg,non_water_hyacinth,train
/content/water_hyacinth_project/dataset/classification/non_water_hyacinth/_236_IMG_20230923_105729.jpg,non_water_hyacinth,train
/content/water_hyacinth_project/dataset/classification/non_water_hyacinth/_830_augmented_image_592.jpg,non_water_hyacinth,train
/content/water_hyacinth_project/dataset/classification/non_water_hyacinth/_732_augmented_image_932.jpg,non_water_hyacinth,train
/content/water_hyacinth_project/dataset/classification/non_water_hyacinth/_263_20230818_114809.jpg,non_water_hyacinth,train
/content/water_hyacinth_project/dataset/classification/non_water_hyacinth/_27_20230818_114913.jpg,non_water_hyacinth,train
/content/water_hyacinth_project/dataset/classification/non_water_hyacinth/_7_20230811_211245.jpg,non_water_hyacinth,train
/content/water_hyacinth_project/dataset/classification/non_water_hyacinth/_112_augmented_image_8.jpg,non_water_hyacinth,train
/content/water_hyacinth_project/dataset/classification/non_water_hyacinth/_191_IMG_20230811_170825.jpg,non_water_hyacinth,train
/content/water_hyacinth_project/dataset/classification/water_hyacinth/_1008_augmented_image_702.jpg,water_hyacinth,train
/content/water_hyacinth_project/dataset/classification/non_water_hyacinth/_1016_augmented_image_861.jpg,non_water_hyacinth,train
/content/water_hyacinth_project/dataset/classification/non_water_hyacinth/_125_augmented_image_712.jpg,non_water_hyacinth,train
/content/water_hyacinth_project/dataset/classification/non_water_hyacinth/_439_IMG_20230811_165417.jpg,non_water_hyacinth,train
/content/water_hyacinth_project/dataset/classification/non_water_hyacinth/_50_IMG_20230923_100534_1.jpg,non_water_hyacinth,train
/content/water_hyacinth_project/dataset/classification/non_water_hyacinth/_45_IMG_20230811_165402.jpg,non_water_hyacinth,train
/content/water_hyacinth_project/dataset/classification/water_hyacinth/_428_augmented_image_303.jpg,water_hyacinth,train
/content/water_hyacinth_project/dataset/classification/non_water_hyacinth/_589_augmented_image_337.jpg,non_water_hyacinth,train
/content/water_hyacinth_project/dataset/classification/non_water_hyacinth/_230_20230818_113236.jpg,non_water_hyacinth,train
/content/water_hyacinth_project/dataset/classification/non_water_hyacinth/_57_augmented_image_411.jpg,non_water_hyacinth,train
/content/water_hyacinth_project/dataset/classification/water_hyacinth/_138_augmented_image_142.jpg,water_hyacinth,train
/content/water_hyacinth_project/dataset/classification/non_water_hyacinth/_130_IMG_20230923_112442.jpg,non_water_hyacinth,train
/content/water_hyacinth_project/dataset/classification/non_water_hyacinth/_83_augmented_image_822.jpg,non_water_hyacinth,train
/content/water_hyacinth_project/dataset/classification/non_water_hyacinth/_1007_augmented_image_976.jpg,non_water_hyacinth,train
/content/water_hyacinth_project/dataset/classification/non_water_hyacinth/_341_augmented_image_518.jpg,non_water_hyacinth,train
/content/water_hyacinth_project/dataset/classification/non_water_hyacinth/_866_augmented_image_696.jpg,non_water_hyacinth,train
/content/water_hyacinth_project/dataset/classification/non_water_hyacinth/_83_IMG_20230923_105808.jpg,non_water_hyacinth,train
/content/water_hyacinth_project/dataset/classification/non_water_hyacinth/_481_augmented_image_804.jpg,non_water_hyacinth,train
/content/water_hyacinth_project/dataset/classification/non_water_hyacinth/_149_IMG_20230923_101144.jpg,non_water_hyacinth,train
/content/water_hyacinth_project/dataset/classification/non_water_hyacinth/_819_augmented_image_371.jpg,non_water_hyacinth,train
/content/water_hyacinth_project/dataset/classification/non_water_hyacinth/_11_IMG_20230923_100822.jpg,non_water_hyacinth,train
/content/water_hyacinth_project/dataset/classification/non_water_hyacinth/_7_IMG_20230923_110834.jpg,non_water_hyacinth,train
/content/water_hyacinth_project/dataset/classification/water_hyacinth/_348_20230812_114930 Background Removed.jpg,water_hyacinth,train
/content/water_hyacinth_project/dataset/classification/non_water_hyacinth/_473_IMG_20230811_165502.jpg,non_water_hyacinth,train
/content/water_hyacinth_project/dataset/classification/non_water_hyacinth/_936_augmented_image_16.jpg,non_water_hyacinth,train
/content/water_hyacinth_project/dataset/classification/non_water_hyacinth/_593_augmented_image_460.jpg,non_water_hyacinth,train
/content/water_hyacinth_project/dataset/classification/non_water_hyacinth/_340_augmented_image_488.jpg,non_water_hyacinth,train
/content/water_hyacinth_project/dataset/classification/non_water_hyacinth/_956_augmented_image_990.jpg,non_water_hyacinth,train
/content/water_hyacinth_project/dataset/classification/water_hyacinth/_2002_augmented_image_608.jpg,water_hyacinth,train
/content/water_hyacinth_project/dataset/classification/non_water_hyacinth/_138_IMG_20230923_112245.jpg,non_water_hyacinth,train
/content/water_hyacinth_project/dataset/classification/non_water_hyacinth/_452_augmented_image_824.jpg,non_water_hyacinth,train
/content/water_hyacinth_project/dataset/classification/water_hyacinth/_1373_augmented_image_648.jpg,water_hyacinth,train
/content/water_hyacinth_project/dataset/classification/non_water_hyacinth/_443_IMG_20230923_112139.jpg,non_water_hyacinth,train
/content/water_hyacinth_project/dataset/classification/water_hyacinth/_56_IMG_20230805_184420.jpg,water_hyacinth,train
/content/water_hyacinth_project/dataset/classification/non_water_hyacinth/_351_augmented_image_942.jpg,non_water_hyacinth,train
/content/water_hyacinth_project/dataset/classification/non_water_hyacinth/_739_augmented_image_322.jpg,non_water_hyacinth,train
/content/water_hyacinth_project/dataset/classification/non_water_hyacinth/_957_augmented_image_469.jpg,non_water_hyacinth,train
/content/water_hyacinth_project/dataset/classification/non_water_hyacinth/_835_augmented_image_389.jpg,non_water_hyacinth,train
/content/water_hyacinth_project/dataset/classification/non_water_hyacinth/_1_augmented_image_231.jpg,non_water_hyacinth,train
/content/water_hyacinth_project/dataset/classification/non_water_hyacinth/_428_IMG_20230926_173006.jpg,non_water_hyacinth,train
/content/water_hyacinth_project/dataset/classification/water_hyacinth/_263_IMG_20230811_165221.jpg,water_hyacinth,train
/content/water_hyacinth_project/dataset/classification/water_hyacinth/_4537_IMG_20230814_180803.jpg,water_hyacinth,train
/content/water_hyacinth_project/dataset/classification/water_hyacinth/_588_augmented_image_854.jpg,water_hyacinth,train
/content/water_hyacinth_project/dataset/classification/non_water_hyacinth/_455_IMG_20230811_165152.jpg,non_water_hyacinth,train
/content/water_hyacinth_project/dataset/classification/non_water_hyacinth/_737_augmented_image_257.jpg,non_water_hyacinth,train
/content/water_hyacinth_project/dataset/classification/non_water_hyacinth/_437_IMG_20230926_173259.jpg,non_water_hyacinth,train
/content/water_hyacinth_project/dataset/classification/non_water_hyacinth/_837_augmented_image_168.jpg,non_water_hyacinth,train
/content/water_hyacinth_project/dataset/classification/non_water_hyacinth/_99_IMG_20230923_101019.jpg,non_water_hyacinth,train
/content/water_hyacinth_project/dataset/classification/non_water_hyacinth/_1047_augmented_image_692.jpg,non_water_hyacinth,train
/content/water_hyacinth_project/dataset/classification/non_water_hyacinth/_875_augmented_image_897.jpg,non_water_hyacinth,train
/content/water_hyacinth_project/dataset/classification/non_water_hyacinth/_113_IMG_20230926_173339.jpg,non_water_hyacinth,train
/content/water_hyacinth_project/dataset/classification/non_water_hyacinth/_488_augmented_image_605.jpg,non_water_hyacinth,train
/content/water_hyacinth_project/dataset/classification/water_hyacinth/_1277_augmented_image_406.jpg,water_hyacinth,train
/content/water_hyacinth_project/dataset/classification/non_water_hyacinth/_94_IMG_20230923_101122.jpg,non_water_hyacinth,train
/content/water_hyacinth_project/dataset/classification/water_hyacinth/_11_augmented_image_597.jpg,water_hyacinth,train
/content/water_hyacinth_project/dataset/classification/non_water_hyacinth/_116_augmented_image_756.jpg,non_water_hyacinth,train
/content/water_hyacinth_project/dataset/classification/non_water_hyacinth/_837_augmented_image_883.jpg,non_water_hyacinth,train
/content/water_hyacinth_project/dataset/classification/water_hyacinth/_1031_augmented_image_81.jpg,water_hyacinth,train
/content/water_hyacinth_project/dataset/classification/non_water_hyacinth/_38_IMG_20230923_111751.jpg,non_water_hyacinth,train
/content/water_hyacinth_project/dataset/classification/non_water_hyacinth/_1040_augmented_image_503.jpg,non_water_hyacinth,train
/content/water_hyacinth_project/dataset/classification/non_water_hyacinth/_998_augmented_image_238.jpg,non_water_hyacinth,train
/content/water_hyacinth_project/dataset/classification/non_water_hyacinth/_179_IMG_20230923_100908.jpg,non_water_hyacinth,train
/content/water_hyacinth_project/dataset/classification/non_water_hyacinth/_1009_augmented_image_422.jpg,non_water_hyacinth,train
/content/water_hyacinth_project/dataset/classification/non_water_hyacinth/_685_augmented_image_396.jpg,non_water_hyacinth,train
/content/water_hyacinth_project/dataset/classification/non_water_hyacinth/_318_augmented_image_112.jpg,non_water_hyacinth,train
/content/water_hyacinth_project/dataset/classification/water_hyacinth/_1952_augmented_image_448.jpg,water_hyacinth,train
/content/water_hyacinth_project/dataset/classification/non_water_hyacinth/_151_IMG_20230811_164450.jpg,non_water_hyacinth,train
/content/water_hyacinth_project/dataset/classification/water_hyacinth/_1108_augmented_image_756.jpg,water_hyacinth,train
/content/water_hyacinth_project/dataset/classification/water_hyacinth/_1479_augmented_image_387.jpg,water_hyacinth,train
/content/water_hyacinth_project/dataset/classification/water_hyacinth/_4905_IMG_20230805_183816.jpg,water_hyacinth,train
/content/water_hyacinth_project/dataset/classification/non_water_hyacinth/_602_augmented_image_23.jpg,non_water_hyacinth,train
/content/water_hyacinth_project/dataset/classification/non_water_hyacinth/_16_IMG_20230923_100313.jpg,non_water_hyacinth,train
/content/water_hyacinth_project/dataset/classification/water_hyacinth/_4803_IMG_20230811_171955.jpg,water_hyacinth,train
/content/water_hyacinth_project/dataset/classification/water_hyacinth/_4954_IMG_20230811_163809.jpg,water_hyacinth,train
/content/water_hyacinth_project/dataset/classification/non_water_hyacinth/_591_augmented_image_410.jpg,non_water_hyacinth,train
/content/water_hyacinth_project/dataset/classification/water_hyacinth/_112_augmented_image_8.jpg,water_hyacinth,train
/content/water_hyacinth_project/dataset/classification/non_water_hyacinth/_211_IMG_20230923_100832.jpg,non_water_hyacinth,train
/content/water_hyacinth_project/dataset/classification/non_water_hyacinth/_621_augmented_image_625.jpg,non_water_hyacinth,train
/content/water_hyacinth_project/dataset/classification/non_water_hyacinth/_318_IMG_20230923_105448.jpg,non_water_hyacinth,train
/content/water_hyacinth_project/dataset/classification/non_water_hyacinth/_359_IMG_20230926_172921.jpg,non_water_hyacinth,train
/content/water_hyacinth_project/dataset/classification/water_hyacinth/_208_augmented_image_817.jpg,water_hyacinth,train
/content/water_hyacinth_project/dataset/classification/non_water_hyacinth/_431_augmented_image_552.jpg,non_water_hyacinth,train
/content/water_hyacinth_project/dataset/classification/water_hyacinth/_4739_IMG_20230805_182848.jpg,water_hyacinth,train
/content/water_hyacinth_project/dataset/classification/water_hyacinth/_47_augmented_image_589.jpg,water_hyacinth,train
/content/water_hyacinth_project/dataset/classification/non_water_hyacinth/_262_IMG_20230923_103021.jpg,non_water_hyacinth,train
/content/water_hyacinth_project/dataset/classification/water_hyacinth/_4683_IMG_20230814_210729.jpg,water_hyacinth,train
/content/water_hyacinth_project/dataset/classification/non_water_hyacinth/_374_IMG_20230814_203230.jpg,non_water_hyacinth,train
/content/water_hyacinth_project/dataset/classification/non_water_hyacinth/_289_augmented_image_75.jpg,non_water_hyacinth,train
/content/water_hyacinth_project/dataset/classification/non_water_hyacinth/_437_augmented_image_903.jpg,non_water_hyacinth,train
/content/water_hyacinth_project/dataset/classification/non_water_hyacinth/_122_IMG_20230811_170828.jpg,non_water_hyacinth,train
/content/water_hyacinth_project/dataset/classification/non_water_hyacinth/_81_IMG_20230811_170053.jpg,non_water_hyacinth,train
/content/water_hyacinth_project/dataset/classification/non_water_hyacinth/_371_augmented_image_157.jpg,non_water_hyacinth,train
/content/water_hyacinth_project/dataset/classification/water_hyacinth/_1495_augmented_image_232.jpg,water_hyacinth,train
/content/water_hyacinth_project/dataset/classification/water_hyacinth/_1781_augmented_image_985.jpg,water_hyacinth,train
/content/water_hyacinth_project/dataset/classification/non_water_hyacinth/_237_IMG_20230923_105359.jpg,non_water_hyacinth,train
/content/water_hyacinth_project/dataset/classification/water_hyacinth/_997_augmented_image_692.jpg,water_hyacinth,train
/content/water_hyacinth_project/dataset/classification/non_water_hyacinth/_73_IMG_20230811_170125.jpg,non_water_hyacinth,train
/content/water_hyacinth_project/dataset/classification/water_hyacinth/_347_IMG_20230814_210610.jpg,water_hyacinth,train
/content/water_hyacinth_project/dataset/classification/non_water_hyacinth/_15_augmented_image_415.jpg,non_water_hyacinth,train
/content/water_hyacinth_project/dataset/classification/water_hyacinth/_4888_IMG_20230805_171723.jpg,water_hyacinth,train
/content/water_hyacinth_project/dataset/classification/water_hyacinth/_1749_augmented_image_246.jpg,water_hyacinth,train
/content/water_hyacinth_project/dataset/classification/water_hyacinth/_36_augmented_image_192.jpg,water_hyacinth,train
/content/water_hyacinth_project/dataset/classification/non_water_hyacinth/_171_augmented_image_98.jpg,non_water_hyacinth,train
/content/water_hyacinth_project/dataset/classification/non_water_hyacinth/_155_IMG_20230814_175816.jpg,non_water_hyacinth,train
/content/water_hyacinth_project/dataset/classification/water_hyacinth/_359_augmented_image_345.jpg,water_hyacinth,train
/content/water_hyacinth_project/dataset/classification/non_water_hyacinth/_774_augmented_image_257.jpg,non_water_hyacinth,train
/content/water_hyacinth_project/dataset/classification/water_hyacinth/_91_augmented_image_785.jpg,water_hyacinth,train
/content/water_hyacinth_project/dataset/classification/non_water_hyacinth/_171_augmented_image_508.jpg,non_water_hyacinth,train
/content/water_hyacinth_project/dataset/classification/water_hyacinth/_266_augmented_image_718.jpg,water_hyacinth,train
/content/water_hyacinth_project/dataset/classification/non_water_hyacinth/_255_augmented_image_505.jpg,non_water_hyacinth,train
/content/water_hyacinth_project/dataset/classification/non_water_hyacinth/_68_IMG_20230926_173137.jpg,non_water_hyacinth,train
/content/water_hyacinth_project/dataset/classification/non_water_hyacinth/_787_augmented_image_89.jpg,non_water_hyacinth,train
/content/water_hyacinth_project/dataset/classification/non_water_hyacinth/_151_IMG_20230923_111913.jpg,non_water_hyacinth,train
/content/water_hyacinth_project/dataset/classification/water_hyacinth/_192_IMG_20230814_180738.jpg,water_hyacinth,train
/content/water_hyacinth_project/dataset/classification/non_water_hyacinth/_145_augmented_image_283.jpg,non_water_hyacinth,train
/content/water_hyacinth_project/dataset/classification/non_water_hyacinth/_472_20230818_115245.jpg,non_water_hyacinth,train
/content/water_hyacinth_project/dataset/classification/water_hyacinth/_4658_IMG_20230814_180649.jpg,water_hyacinth,train
/content/water_hyacinth_project/dataset/classification/non_water_hyacinth/_207_IMG_20230811_170757.jpg,non_water_hyacinth,train
/content/water_hyacinth_project/dataset/classification/non_water_hyacinth/_579_augmented_image_656.jpg,non_water_hyacinth,train
/content/water_hyacinth_project/dataset/classification/non_water_hyacinth/_128_augmented_image_734.jpg,non_water_hyacinth,train
/content/water_hyacinth_project/dataset/classification/non_water_hyacinth/_849_augmented_image_470.jpg,non_water_hyacinth,train
/content/water_hyacinth_project/dataset/classification/non_water_hyacinth/_245_20230812_113800.jpg,non_water_hyacinth,train
/content/water_hyacinth_project/dataset/classification/water_hyacinth/_947_augmented_image_417.jpg,water_hyacinth,train
/content/water_hyacinth_project/dataset/classification/non_water_hyacinth/_671_augmented_image_624.jpg,non_water_hyacinth,train
/content/water_hyacinth_project/dataset/classification/non_water_hyacinth/_63_IMG_20230923_105812.jpg,non_water_hyacinth,train
/content/water_hyacinth_project/dataset/classification/water_hyacinth/_4536_IMG_20230811_163811.jpg,water_hyacinth,train
/content/water_hyacinth_project/dataset/classification/non_water_hyacinth/_461_IMG_20230923_101053.jpg,non_water_hyacinth,train
/content/water_hyacinth_project/dataset/classification/non_water_hyacinth/_223_IMG_20230926_173059.jpg,non_water_hyacinth,train
/content/water_hyacinth_project/dataset/classification/non_water_hyacinth/_951_augmented_image_783.jpg,non_water_hyacinth,train
/content/water_hyacinth_project/dataset/classification/water_hyacinth/_4721_IMG_20230811_163400.jpg,water_hyacinth,train
/content/water_hyacinth_project/dataset/classification/non_water_hyacinth/_18_20230818_114717.jpg,non_water_hyacinth,train
/content/water_hyacinth_project/dataset/classification/water_hyacinth/_4620_IMG_20230811_173103.jpg,water_hyacinth,train
/content/water_hyacinth_project/dataset/classification/non_water_hyacinth/_682_augmented_image_295.jpg,non_water_hyacinth,train
/content/water_hyacinth_project/dataset/classification/water_hyacinth/_919_augmented_image_598.jpg,water_hyacinth,train
/content/water_hyacinth_project/dataset/classification/water_hyacinth/_4809_IMG_20230814_210521.jpg,water_hyacinth,train
/content/water_hyacinth_project/dataset/classification/water_hyacinth/_285_IMG_20230805_183723.jpg,water_hyacinth,train
/content/water_hyacinth_project/dataset/classification/non_water_hyacinth/_81_IMG_20230923_101055.jpg,non_water_hyacinth,train
/content/water_hyacinth_project/dataset/classification/non_water_hyacinth/_690_augmented_image_717.jpg,non_water_hyacinth,train
/content/water_hyacinth_project/dataset/classification/non_water_hyacinth/_469_augmented_image_102.jpg,non_water_hyacinth,train
/content/water_hyacinth_project/dataset/classification/non_water_hyacinth/_299_augmented_image_160.jpg,non_water_hyacinth,train
/content/water_hyacinth_project/dataset/classification/water_hyacinth/_1024_augmented_image_48.jpg,water_hyacinth,train
/content/water_hyacinth_project/dataset/classification/non_water_hyacinth/_123_IMG_20230926_172838.jpg,non_water_hyacinth,train
/content/water_hyacinth_project/dataset/classification/water_hyacinth/_2000_augmented_image_740.jpg,water_hyacinth,train
/content/water_hyacinth_project/dataset/classification/non_water_hyacinth/_344_20230818_113257.jpg,non_water_hyacinth,train
/content/water_hyacinth_project/dataset/classification/non_water_hyacinth/_91_IMG_20230814_204434.jpg,non_water_hyacinth,train
/content/water_hyacinth_project/dataset/classification/non_water_hyacinth/_322_IMG_20230811_170102.jpg,non_water_hyacinth,train
/content/water_hyacinth_project/dataset/classification/non_water_hyacinth/_701_augmented_image_1025.jpg,non_water_hyacinth,train
/content/water_hyacinth_project/dataset/classification/water_hyacinth/_1549_augmented_image_293.jpg,water_hyacinth,train
/content/water_hyacinth_project/dataset/classification/non_water_hyacinth/_457_augmented_image_534.jpg,non_water_hyacinth,train
/content/water_hyacinth_project/dataset/classification/non_water_hyacinth/_428_IMG_20230923_103401.jpg,non_water_hyacinth,train
/content/water_hyacinth_project/dataset/classification/non_water_hyacinth/_1005_augmented_image_986.jpg,non_water_hyacinth,train
/content/water_hyacinth_project/dataset/classification/non_water_hyacinth/_1046_augmented_image_111.jpg,non_water_hyacinth,train
/content/water_hyacinth_project/dataset/classification/non_water_hyacinth/_290_IMG_20230814_204948.jpg,non_water_hyacinth,train
/content/water_hyacinth_project/dataset/classification/non_water_hyacinth/_88_IMG_20230923_100746.jpg,non_water_hyacinth,train
/content/water_hyacinth_project/dataset/classification/non_water_hyacinth/_432_augmented_image_184.jpg,non_water_hyacinth,train
/content/water_hyacinth_project/dataset/classification/non_water_hyacinth/_37_IMG_20230926_173137_1.jpg,non_water_hyacinth,train
/content/water_hyacinth_project/dataset/classification/non_water_hyacinth/_184_IMG_20230814_205537.jpg,non_water_hyacinth,train
/content/water_hyacinth_project/dataset/classification/water_hyacinth/_1308_augmented_image_482.jpg,water_hyacinth,train
/content/water_hyacinth_project/dataset/classification/non_water_hyacinth/_385_IMG_20230811_165307.jpg,non_water_hyacinth,train
/content/water_hyacinth_project/dataset/classification/non_water_hyacinth/_779_augmented_image_821.jpg,non_water_hyacinth,train
/content/water_hyacinth_project/dataset/classification/water_hyacinth/_1357_augmented_image_849.jpg,water_hyacinth,train
/content/water_hyacinth_project/dataset/classification/non_water_hyacinth/_61_IMG_20230814_174240.jpg,non_water_hyacinth,train
/content/water_hyacinth_project/dataset/classification/non_water_hyacinth/_714_augmented_image_669.jpg,non_water_hyacinth,train
/content/water_hyacinth_project/dataset/classification/non_water_hyacinth/_325_20230818_113821.jpg,non_water_hyacinth,train
/content/water_hyacinth_project/dataset/classification/water_hyacinth/_4568_IMG_20230805_183857.jpg,water_hyacinth,train
/content/water_hyacinth_project/dataset/classification/non_water_hyacinth/_283_IMG_20230811_170840.jpg,non_water_hyacinth,train
/content/water_hyacinth_project/dataset/classification/water_hyacinth/_129_augmented_image_425.jpg,water_hyacinth,train
/content/water_hyacinth_project/dataset/classification/water_hyacinth/_4851_IMG_20230811_173131.jpg,water_hyacinth,train
/content/water_hyacinth_project/dataset/classification/non_water_hyacinth/_59_augmented_image_654.jpg,non_water_hyacinth,train
/content/water_hyacinth_project/dataset/classification/water_hyacinth/_19_IMG_20230811_172450.jpg,water_hyacinth,train
/content/water_hyacinth_project/dataset/classification/water_hyacinth/_1086_augmented_image_474.jpg,water_hyacinth,train
/content/water_hyacinth_project/dataset/classification/non_water_hyacinth/_909_augmented_image_416.jpg,non_water_hyacinth,train
/content/water_hyacinth_project/dataset/classification/non_water_hyacinth/_116_20230818_113547.jpg,non_water_hyacinth,train
/content/water_hyacinth_project/dataset/classification/non_water_hyacinth/_357_20230818_113301.jpg,non_water_hyacinth,train
/content/water_hyacinth_project/dataset/classification/non_water_hyacinth/_605_augmented_image_164.jpg,non_water_hyacinth,train
/content/water_hyacinth_project/dataset/classification/water_hyacinth/_4932_IMG_20230811_165440.jpg,water_hyacinth,train
/content/water_hyacinth_project/dataset/classification/non_water_hyacinth/_708_augmented_image_980.jpg,non_water_hyacinth,train
/content/water_hyacinth_project/dataset/classification/water_hyacinth/_4881_IMG_20230805_165849.jpg,water_hyacinth,train
/content/water_hyacinth_project/dataset/classification/non_water_hyacinth/_1006_augmented_image_397.jpg,non_water_hyacinth,train
/content/water_hyacinth_project/dataset/classification/water_hyacinth/_1390_augmented_image_360.jpg,water_hyacinth,train
/content/water_hyacinth_project/dataset/classification/water_hyacinth/_1415_augmented_image_443.jpg,water_hyacinth,train
/content/water_hyacinth_project/dataset/classification/water_hyacinth/_48_IMG_20230811_163832.jpg,water_hyacinth,train
/content/water_hyacinth_project/dataset/classification/non_water_hyacinth/_283_augmented_image_742.jpg,non_water_hyacinth,train
/content/water_hyacinth_project/dataset/classification/non_water_hyacinth/_376_augmented_image_984.jpg,non_water_hyacinth,train
/content/water_hyacinth_project/dataset/classification/non_water_hyacinth/_200_IMG_20230814_204106.jpg,non_water_hyacinth,train
/content/water_hyacinth_project/dataset/classification/water_hyacinth/_1088_augmented_image_678.jpg,water_hyacinth,train
/content/water_hyacinth_project/dataset/classification/water_hyacinth/_315_augmented_image_330.jpg,water_hyacinth,train
/content/water_hyacinth_project/dataset/classification/water_hyacinth/_85_IMG_20230805_183808.jpg,water_hyacinth,train
/content/water_hyacinth_project/dataset/classification/non_water_hyacinth/_333_IMG_20230814_202810.jpg,non_water_hyacinth,train
/content/water_hyacinth_project/dataset/classification/non_water_hyacinth/_719_augmented_image_276.jpg,non_water_hyacinth,train
/content/water_hyacinth_project/dataset/classification/water_hyacinth/_4_augmented_image_359.jpg,water_hyacinth,train
/content/water_hyacinth_project/dataset/classification/non_water_hyacinth/_442_IMG_20230814_204747.jpg,non_water_hyacinth,train
/content/water_hyacinth_project/dataset/classification/non_water_hyacinth/_161_augmented_image_453.jpg,non_water_hyacinth,train
/content/water_hyacinth_project/dataset/classification/water_hyacinth/_1682_augmented_image_226.jpg,water_hyacinth,train
/content/water_hyacinth_project/dataset/classification/non_water_hyacinth/_765_augmented_image_325.jpg,non_water_hyacinth,train
/content/water_hyacinth_project/dataset/classification/non_water_hyacinth/_76_IMG_20230811_170823.jpg,non_water_hyacinth,train
/content/water_hyacinth_project/dataset/classification/non_water_hyacinth/_530_augmented_image_548.jpg,non_water_hyacinth,train
/content/water_hyacinth_project/dataset/classification/water_hyacinth/_1671_augmented_image_624.jpg,water_hyacinth,train
/content/water_hyacinth_project/dataset/classification/non_water_hyacinth/_450_augmented_image_475.jpg,non_water_hyacinth,train
/content/water_hyacinth_project/dataset/classification/non_water_hyacinth/_318_IMG_20230814_203822.jpg,non_water_hyacinth,train
/content/water_hyacinth_project/dataset/classification/water_hyacinth/_1851_augmented_image_978.jpg,water_hyacinth,train
/content/water_hyacinth_project/dataset/classification/non_water_hyacinth/_394_augmented_image_79.jpg,non_water_hyacinth,train
/content/water_hyacinth_project/dataset/classification/non_water_hyacinth/_259_20230818_114812.jpg,non_water_hyacinth,train
/content/water_hyacinth_project/dataset/classification/non_water_hyacinth/_816_augmented_image_627.jpg,non_water_hyacinth,train
/content/water_hyacinth_project/dataset/classification/non_water_hyacinth/_113_IMG_20230923_101219.jpg,non_water_hyacinth,train
/content/water_hyacinth_project/dataset/classification/water_hyacinth/_4636_IMG_20230811_173143.jpg,water_hyacinth,train
/content/water_hyacinth_project/dataset/classification/water_hyacinth/_980_augmented_image_805.jpg,water_hyacinth,train
/content/water_hyacinth_project/dataset/classification/non_water_hyacinth/_790_augmented_image_578.jpg,non_water_hyacinth,train
/content/water_hyacinth_project/dataset/classification/non_water_hyacinth/_991_augmented_image_848.jpg,non_water_hyacinth,train
/content/water_hyacinth_project/dataset/classification/non_water_hyacinth/_525_augmented_image_281.jpg,non_water_hyacinth,train
/content/water_hyacinth_project/dataset/classification/non_water_hyacinth/_519_augmented_image_930.jpg,non_water_hyacinth,train
/content/water_hyacinth_project/dataset/classification/water_hyacinth/_32_augmented_image_626.jpg,water_hyacinth,train
/content/water_hyacinth_project/dataset/classification/non_water_hyacinth/_984_augmented_image_767.jpg,non_water_hyacinth,train
/content/water_hyacinth_project/dataset/classification/water_hyacinth/_548_augmented_image_881.jpg,water_hyacinth,train
/content/water_hyacinth_project/dataset/classification/non_water_hyacinth/_119_IMG_20230811_165327.jpg,non_water_hyacinth,train
/content/water_hyacinth_project/dataset/classification/non_water_hyacinth/_319_20230811_211437.jpg,non_water_hyacinth,train
/content/water_hyacinth_project/dataset/classification/non_water_hyacinth/_395_augmented_image_128.jpg,non_water_hyacinth,train
/content/water_hyacinth_project/dataset/classification/non_water_hyacinth/_26_IMG_20230923_110206.jpg,non_water_hyacinth,train
/content/water_hyacinth_project/dataset/classification/water_hyacinth/_1362_augmented_image_355.jpg,water_hyacinth,train
/content/water_hyacinth_project/dataset/classification/non_water_hyacinth/_182_IMG_20230923_105737.jpg,non_water_hyacinth,train
/content/water_hyacinth_project/dataset/classification/non_water_hyacinth/_219_augmented_image_165.jpg,non_water_hyacinth,train
/content/water_hyacinth_project/dataset/classification/non_water_hyacinth/_342_IMG_20230923_101140.jpg,non_water_hyacinth,train
/content/water_hyacinth_project/dataset/classification/water_hyacinth/_1007_augmented_image_992.jpg,water_hyacinth,train
/content/water_hyacinth_project/dataset/classification/non_water_hyacinth/_288_20230818_113909.jpg,non_water_hyacinth,train
/content/water_hyacinth_project/dataset/classification/water_hyacinth/_1804_augmented_image_334.jpg,water_hyacinth,train
/content/water_hyacinth_project/dataset/classification/non_water_hyacinth/_960_augmented_image_10.jpg,non_water_hyacinth,train
/content/water_hyacinth_project/dataset/classification/non_water_hyacinth/_888_augmented_image_914.jpg,non_water_hyacinth,train
/content/water_hyacinth_project/dataset/classification/water_hyacinth/_1222_augmented_image_17.jpg,water_hyacinth,train
/content/water_hyacinth_project/dataset/classification/non_water_hyacinth/_224_IMG_20230926_173603.jpg,non_water_hyacinth,train
/content/water_hyacinth_project/dataset/classification/water_hyacinth/_18_augmented_image_560.jpg,water_hyacinth,train
/content/water_hyacinth_project/dataset/classification/water_hyacinth/_1417_augmented_image_352.jpg,water_hyacinth,train
/content/water_hyacinth_project/dataset/classification/non_water_hyacinth/_10_IMG_20230923_101718.jpg,non_water_hyacinth,train
/content/water_hyacinth_project/dataset/classification/water_hyacinth/_4742_IMG_20230805_165846.jpg,water_hyacinth,train
/content/water_hyacinth_project/dataset/classification/water_hyacinth/_4951_IMG_20230805_182601 Background Removed.jpg,water_hyacinth,train
/content/water_hyacinth_project/dataset/classification/non_water_hyacinth/_223_IMG_20230814_202555.jpg,non_water_hyacinth,train
/content/water_hyacinth_project/dataset/classification/water_hyacinth/_746_augmented_image_248.jpg,water_hyacinth,train
/content/water_hyacinth_project/dataset/classification/non_water_hyacinth/_808_augmented_image_902.jpg,non_water_hyacinth,train
/content/water_hyacinth_project/dataset/classification/non_water_hyacinth/_206_IMG_20230926_173703.jpg,non_water_hyacinth,train
/content/water_hyacinth_project/dataset/classification/water_hyacinth/_707_augmented_image_28.jpg,water_hyacinth,train
/content/water_hyacinth_project/dataset/classification/non_water_hyacinth/_950_augmented_image_755.jpg,non_water_hyacinth,train
/content/water_hyacinth_project/dataset/classification/non_water_hyacinth/_82_IMG_20230923_110654.jpg,non_water_hyacinth,train
/content/water_hyacinth_project/dataset/classification/non_water_hyacinth/_147_IMG_20230926_172822.jpg,non_water_hyacinth,train
/content/water_hyacinth_project/dataset/classification/non_water_hyacinth/_180_augmented_image_121.jpg,non_water_hyacinth,train
/content/water_hyacinth_project/dataset/classification/non_water_hyacinth/_189_augmented_image_420.jpg,non_water_hyacinth,train
/content/water_hyacinth_project/dataset/classification/non_water_hyacinth/_335_IMG_20230926_173222.jpg,non_water_hyacinth,train
/content/water_hyacinth_project/dataset/classification/non_water_hyacinth/_44_IMG_20230923_102841.jpg,non_water_hyacinth,train
/content/water_hyacinth_project/dataset/classification/non_water_hyacinth/_576_augmented_image_293.jpg,non_water_hyacinth,train
/content/water_hyacinth_project/dataset/classification/water_hyacinth/_1965_augmented_image_947.jpg,water_hyacinth,train
/content/water_hyacinth_project/dataset/classification/water_hyacinth/_1882_augmented_image_524.jpg,water_hyacinth,train
/content/water_hyacinth_project/dataset/classification/non_water_hyacinth/_127_augmented_image_537.jpg,non_water_hyacinth,train
/content/water_hyacinth_project/dataset/classification/non_water_hyacinth/_103_20230818_114803.jpg,non_water_hyacinth,train
/content/water_hyacinth_project/dataset/classification/water_hyacinth/_1865_augmented_image_736.jpg,water_hyacinth,train
/content/water_hyacinth_project/dataset/classification/non_water_hyacinth/_453_augmented_image_839.jpg,non_water_hyacinth,train
/content/water_hyacinth_project/dataset/classification/non_water_hyacinth/_16_augmented_image_218.jpg,non_water_hyacinth,train
/content/water_hyacinth_project/dataset/classification/non_water_hyacinth/_405_augmented_image_15.jpg,non_water_hyacinth,train
/content/water_hyacinth_project/dataset/classification/non_water_hyacinth/_322_augmented_image_61.jpg,non_water_hyacinth,train
/content/water_hyacinth_project/dataset/classification/non_water_hyacinth/_252_IMG_20230814_204131.jpg,non_water_hyacinth,train
/content/water_hyacinth_project/dataset/classification/non_water_hyacinth/_340_IMG_20230923_101100.jpg,non_water_hyacinth,train
/content/water_hyacinth_project/dataset/classification/non_water_hyacinth/_154_augmented_image_283.jpg,non_water_hyacinth,train
/content/water_hyacinth_project/dataset/classification/non_water_hyacinth/_484_augmented_image_265.jpg,non_water_hyacinth,train
/content/water_hyacinth_project/dataset/classification/non_water_hyacinth/_462_IMG_20230923_103017.jpg,non_water_hyacinth,train
/content/water_hyacinth_project/dataset/classification/non_water_hyacinth/_432_20230818_115117.jpg,non_water_hyacinth,train
/content/water_hyacinth_project/dataset/classification/water_hyacinth/_386_20230812_115005 Background Removed.jpg,water_hyacinth,train
/content/water_hyacinth_project/dataset/classification/water_hyacinth/_316_IMG_20230805_185246.jpg,water_hyacinth,train
/content/water_hyacinth_project/dataset/classification/water_hyacinth/_618_augmented_image_747.jpg,water_hyacinth,train
/content/water_hyacinth_project/dataset/classification/non_water_hyacinth/_444_IMG_20230923_105601.jpg,non_water_hyacinth,train
/content/water_hyacinth_project/dataset/classification/non_water_hyacinth/_846_augmented_image_816.jpg,non_water_hyacinth,train
/content/water_hyacinth_project/dataset/classification/non_water_hyacinth/_974_augmented_image_215.jpg,non_water_hyacinth,train
/content/water_hyacinth_project/dataset/classification/water_hyacinth/_1302_augmented_image_112.jpg,water_hyacinth,train
/content/water_hyacinth_project/dataset/classification/water_hyacinth/_4940_IMG_20230805_183616.jpg,water_hyacinth,train
/content/water_hyacinth_project/dataset/classification/non_water_hyacinth/_39_IMG_20230923_100913.jpg,non_water_hyacinth,train
/content/water_hyacinth_project/dataset/classification/non_water_hyacinth/_251_augmented_image_348.jpg,non_water_hyacinth,train
/content/water_hyacinth_project/dataset/classification/non_water_hyacinth/_534_augmented_image_936.jpg,non_water_hyacinth,train
/content/water_hyacinth_project/dataset/classification/non_water_hyacinth/_747_augmented_image_260.jpg,non_water_hyacinth,train
/content/water_hyacinth_project/dataset/classification/water_hyacinth/_511_augmented_image_936.jpg,water_hyacinth,train
/content/water_hyacinth_project/dataset/classification/non_water_hyacinth/_57_IMG_20230923_100922.jpg,non_water_hyacinth,train
/content/water_hyacinth_project/dataset/classification/non_water_hyacinth/_162_augmented_image_31.jpg,non_water_hyacinth,train
/content/water_hyacinth_project/dataset/classification/non_water_hyacinth/_183_augmented_image_143.jpg,non_water_hyacinth,train
/content/water_hyacinth_project/dataset/classification/water_hyacinth/_1403_augmented_image_536.jpg,water_hyacinth,train
/content/water_hyacinth_project/dataset/classification/non_water_hyacinth/_340_augmented_image_949.jpg,non_water_hyacinth,train
/content/water_hyacinth_project/dataset/classification/water_hyacinth/_118_augmented_image_547.jpg,water_hyacinth,train
/content/water_hyacinth_project/dataset/classification/non_water_hyacinth/_441_IMG_20230926_173107.jpg,non_water_hyacinth,train
/content/water_hyacinth_project/dataset/classification/non_water_hyacinth/_212_20230818_113535.jpg,non_water_hyacinth,train
/content/water_hyacinth_project/dataset/classification/non_water_hyacinth/_403_augmented_image_536.jpg,non_water_hyacinth,train
/content/water_hyacinth_project/dataset/classification/non_water_hyacinth/_14_IMG_20230814_202638.jpg,non_water_hyacinth,train
/content/water_hyacinth_project/dataset/classification/non_water_hyacinth/_225_IMG_20230814_204635.jpg,non_water_hyacinth,train
/content/water_hyacinth_project/dataset/classification/non_water_hyacinth/_433_IMG_20230923_111935.jpg,non_water_hyacinth,train
/content/water_hyacinth_project/dataset/classification/water_hyacinth/_708_augmented_image_865.jpg,water_hyacinth,train
/content/water_hyacinth_project/dataset/classification/water_hyacinth/_442_IMG_20230814_210426.jpg,water_hyacinth,train
/content/water_hyacinth_project/dataset/classification/water_hyacinth/_966_augmented_image_147.jpg,water_hyacinth,train
/content/water_hyacinth_project/dataset/classification/non_water_hyacinth/_308_IMG_20230923_100444.jpg,non_water_hyacinth,train
/content/water_hyacinth_project/dataset/classification/water_hyacinth/_4667_IMG_20230805_182824.jpg,water_hyacinth,train
/content/water_hyacinth_project/dataset/classification/non_water_hyacinth/_926_augmented_image_768.jpg,non_water_hyacinth,train
/content/water_hyacinth_project/dataset/classification/non_water_hyacinth/_195_20230812_113837.jpg,non_water_hyacinth,train
/content/water_hyacinth_project/dataset/classification/non_water_hyacinth/_126_IMG_20230926_173535.jpg,non_water_hyacinth,train
/content/water_hyacinth_project/dataset/classification/non_water_hyacinth/_388_augmented_image_366.jpg,non_water_hyacinth,train
/content/water_hyacinth_project/dataset/classification/water_hyacinth/_758_augmented_image_173.jpg,water_hyacinth,train
/content/water_hyacinth_project/dataset/classification/non_water_hyacinth/_190_20230818_112717.jpg,non_water_hyacinth,train
/content/water_hyacinth_project/dataset/classification/non_water_hyacinth/_791_augmented_image_45.jpg,non_water_hyacinth,train
/content/water_hyacinth_project/dataset/classification/non_water_hyacinth/_373_IMG_20230811_163641.jpg,non_water_hyacinth,train
/content/water_hyacinth_project/dataset/classification/non_water_hyacinth/_451_augmented_image_267.jpg,non_water_hyacinth,train
/content/water_hyacinth_project/dataset/classification/non_water_hyacinth/_447_augmented_image_102.jpg,non_water_hyacinth,train
/content/water_hyacinth_project/dataset/classification/non_water_hyacinth/_151_augmented_image_825.jpg,non_water_hyacinth,train
/content/water_hyacinth_project/dataset/classification/non_water_hyacinth/_286_IMG_20230923_100428.jpg,non_water_hyacinth,train
/content/water_hyacinth_project/dataset/classification/water_hyacinth/_144_IMG_20230811_165447.jpg,water_hyacinth,train
/content/water_hyacinth_project/dataset/classification/non_water_hyacinth/_66_20230818_115253.jpg,non_water_hyacinth,train
/content/water_hyacinth_project/dataset/classification/non_water_hyacinth/_640_augmented_image_182.jpg,non_water_hyacinth,train
/content/water_hyacinth_project/dataset/classification/non_water_hyacinth/_823_augmented_image_666.jpg,non_water_hyacinth,train
/content/water_hyacinth_project/dataset/classification/non_water_hyacinth/_617_augmented_image_139.jpg,non_water_hyacinth,train
/content/water_hyacinth_project/dataset/classification/non_water_hyacinth/_121_augmented_image_190.jpg,non_water_hyacinth,train
/content/water_hyacinth_project/dataset/classification/water_hyacinth/_4995_IMG_20230811_173125.jpg,water_hyacinth,train
/content/water_hyacinth_project/dataset/classification/water_hyacinth/_4621_20230812_114939 Background Removed.jpg,water_hyacinth,train
/content/water_hyacinth_project/dataset/classification/non_water_hyacinth/_103_augmented_image_657.jpg,non_water_hyacinth,train
/content/water_hyacinth_project/dataset/classification/non_water_hyacinth/_242_20230811_211450.jpg,non_water_hyacinth,train
/content/water_hyacinth_project/dataset/classification/non_water_hyacinth/_281_IMG_20230811_170400.jpg,non_water_hyacinth,train
/content/water_hyacinth_project/dataset/classification/water_hyacinth/_1049_augmented_image_95.jpg,water_hyacinth,train
/content/water_hyacinth_project/dataset/classification/non_water_hyacinth/_46_IMG_20230923_105749.jpg,non_water_hyacinth,train
/content/water_hyacinth_project/dataset/classification/water_hyacinth/_938_augmented_image_631.jpg,water_hyacinth,train
/content/water_hyacinth_project/dataset/classification/non_water_hyacinth/_215_IMG_20230926_173411.jpg,non_water_hyacinth,train
/content/water_hyacinth_project/dataset/classification/non_water_hyacinth/_45_IMG_20230923_105504.jpg,non_water_hyacinth,train
/content/water_hyacinth_project/dataset/classification/non_water_hyacinth/_607_augmented_image_57.jpg,non_water_hyacinth,train
/content/water_hyacinth_project/dataset/classification/non_water_hyacinth/_217_augmented_image_830.jpg,non_water_hyacinth,train
/content/water_hyacinth_project/dataset/classification/non_water_hyacinth/_47_augmented_image_983.jpg,non_water_hyacinth,train
/content/water_hyacinth_project/dataset/classification/non_water_hyacinth/_239_20230818_115011.jpg,non_water_hyacinth,train
/content/water_hyacinth_project/dataset/classification/non_water_hyacinth/_602_augmented_image_639.jpg,non_water_hyacinth,train
/content/water_hyacinth_project/dataset/classification/non_water_hyacinth/_387_IMG_20230923_105537.jpg,non_water_hyacinth,train
/content/water_hyacinth_project/dataset/classification/water_hyacinth/_71_augmented_image_792.jpg,water_hyacinth,train
/content/water_hyacinth_project/dataset/classification/non_water_hyacinth/_804_augmented_image_334.jpg,non_water_hyacinth,train
/content/water_hyacinth_project/dataset/classification/non_water_hyacinth/_954_augmented_image_770.jpg,non_water_hyacinth,train
/content/water_hyacinth_project/dataset/classification/non_water_hyacinth/_685_augmented_image_414.jpg,non_water_hyacinth,train
/content/water_hyacinth_project/dataset/classification/water_hyacinth/_4776_IMG_20230805_185444.jpg,water_hyacinth,train
/content/water_hyacinth_project/dataset/classification/water_hyacinth/_1959_augmented_image_976.jpg,water_hyacinth,train
/content/water_hyacinth_project/dataset/classification/non_water_hyacinth/_724_augmented_image_746.jpg,non_water_hyacinth,train
/content/water_hyacinth_project/dataset/classification/non_water_hyacinth/_138_IMG_20230814_203819.jpg,non_water_hyacinth,train
/content/water_hyacinth_project/dataset/classification/water_hyacinth/_1034_augmented_image_617.jpg,water_hyacinth,train
/content/water_hyacinth_project/dataset/classification/water_hyacinth/_156_augmented_image_810.jpg,water_hyacinth,train
/content/water_hyacinth_project/dataset/classification/non_water_hyacinth/_455_augmented_image_326.jpg,non_water_hyacinth,train
/content/water_hyacinth_project/dataset/classification/non_water_hyacinth/_937_augmented_image_129.jpg,non_water_hyacinth,train
/content/water_hyacinth_project/dataset/classification/water_hyacinth/_60_IMG_20230805_165701.jpg,water_hyacinth,train
/content/water_hyacinth_project/dataset/classification/non_water_hyacinth/_297_IMG_20230923_112208.jpg,non_water_hyacinth,train
/content/water_hyacinth_project/dataset/classification/non_water_hyacinth/_455_augmented_image_271.jpg,non_water_hyacinth,train
/content/water_hyacinth_project/dataset/classification/non_water_hyacinth/_175_IMG_20230923_112003.jpg,non_water_hyacinth,train
/content/water_hyacinth_project/dataset/classification/non_water_hyacinth/_21_augmented_image_560.jpg,non_water_hyacinth,train
/content/water_hyacinth_project/dataset/classification/non_water_hyacinth/_466_augmented_image_832.jpg,non_water_hyacinth,train
/content/water_hyacinth_project/dataset/classification/non_water_hyacinth/_412_augmented_image_184.jpg,non_water_hyacinth,train
/content/water_hyacinth_project/dataset/classification/non_water_hyacinth/_49_20230818_114749.jpg,non_water_hyacinth,train
/content/water_hyacinth_project/dataset/classification/water_hyacinth/_1187_augmented_image_49.jpg,water_hyacinth,train
/content/water_hyacinth_project/dataset/classification/water_hyacinth/_1338_augmented_image_790.jpg,water_hyacinth,train
/content/water_hyacinth_project/dataset/classification/non_water_hyacinth/_323_IMG_20230811_165408.jpg,non_water_hyacinth,train
/content/water_hyacinth_project/dataset/classification/water_hyacinth/_360_augmented_image_287.jpg,water_hyacinth,train
/content/water_hyacinth_project/dataset/classification/non_water_hyacinth/_208_augmented_image_817.jpg,non_water_hyacinth,train
/content/water_hyacinth_project/dataset/classification/non_water_hyacinth/_862_augmented_image_866.jpg,non_water_hyacinth,train
/content/water_hyacinth_project/dataset/classification/water_hyacinth/_499_augmented_image_29.jpg,water_hyacinth,train
/content/water_hyacinth_project/dataset/classification/non_water_hyacinth/_83_IMG_20230814_204812.jpg,non_water_hyacinth,train
/content/water_hyacinth_project/dataset/classification/non_water_hyacinth/_186_augmented_image_706.jpg,non_water_hyacinth,train
/content/water_hyacinth_project/dataset/classification/non_water_hyacinth/_28_IMG_20230923_100509.jpg,non_water_hyacinth,train
/content/water_hyacinth_project/dataset/classification/water_hyacinth/_1598_augmented_image_952.jpg,water_hyacinth,train
/content/water_hyacinth_project/dataset/classification/non_water_hyacinth/_74_IMG_20230811_165301.jpg,non_water_hyacinth,train
/content/water_hyacinth_project/dataset/classification/non_water_hyacinth/_64_IMG_20230923_110411.jpg,non_water_hyacinth,train
/content/water_hyacinth_project/dataset/classification/non_water_hyacinth/_96_IMG_20230923_112140.jpg,non_water_hyacinth,train
/content/water_hyacinth_project/dataset/classification/water_hyacinth/_1871_augmented_image_383.jpg,water_hyacinth,train
/content/water_hyacinth_project/dataset/classification/non_water_hyacinth/_985_augmented_image_136.jpg,non_water_hyacinth,train
/content/water_hyacinth_project/dataset/classification/non_water_hyacinth/_214_augmented_image_875.jpg,non_water_hyacinth,train
/content/water_hyacinth_project/dataset/classification/non_water_hyacinth/_980_augmented_image_698.jpg,non_water_hyacinth,train
/content/water_hyacinth_project/dataset/classification/water_hyacinth/_40_IMG_20230811_171925.jpg,water_hyacinth,train
/content/water_hyacinth_project/dataset/classification/non_water_hyacinth/_117_IMG_20230923_110942.jpg,non_water_hyacinth,train
/content/water_hyacinth_project/dataset/classification/water_hyacinth/_4704_IMG_20230811_171938.jpg,water_hyacinth,train
/content/water_hyacinth_project/dataset/classification/non_water_hyacinth/_214_augmented_image_335.jpg,non_water_hyacinth,train
/content/water_hyacinth_project/dataset/classification/non_water_hyacinth/_334_augmented_image_285.jpg,non_water_hyacinth,train
/content/water_hyacinth_project/dataset/classification/water_hyacinth/_4847_IMG_20230805_183005.jpg,water_hyacinth,train
/content/water_hyacinth_project/dataset/classification/non_water_hyacinth/_838_augmented_image_421.jpg,non_water_hyacinth,train
/content/water_hyacinth_project/dataset/classification/water_hyacinth/_458_IMG_20230804_090332.jpg,water_hyacinth,train
/content/water_hyacinth_project/dataset/classification/non_water_hyacinth/_390_20230818_113412.jpg,non_water_hyacinth,train
/content/water_hyacinth_project/dataset/classification/water_hyacinth/_1216_augmented_image_701.jpg,water_hyacinth,train
/content/water_hyacinth_project/dataset/classification/water_hyacinth/_1870_augmented_image_494.jpg,water_hyacinth,train
/content/water_hyacinth_project/dataset/classification/non_water_hyacinth/_877_augmented_image_876.jpg,non_water_hyacinth,train
/content/water_hyacinth_project/dataset/classification/non_water_hyacinth/_1010_augmented_image_760.jpg,non_water_hyacinth,train
/content/water_hyacinth_project/dataset/classification/non_water_hyacinth/_245_augmented_image_710.jpg,non_water_hyacinth,train
/content/water_hyacinth_project/dataset/classification/non_water_hyacinth/_73_IMG_20230923_110605.jpg,non_water_hyacinth,train
/content/water_hyacinth_project/dataset/classification/non_water_hyacinth/_468_augmented_image_887.jpg,non_water_hyacinth,train
/content/water_hyacinth_project/dataset/classification/non_water_hyacinth/_348_IMG_20230923_100539.jpg,non_water_hyacinth,train
/content/water_hyacinth_project/dataset/classification/water_hyacinth/_384_IMG_20230811_165216.jpg,water_hyacinth,train
/content/water_hyacinth_project/dataset/classification/non_water_hyacinth/_393_20230818_113823.jpg,non_water_hyacinth,train
/content/water_hyacinth_project/dataset/classification/water_hyacinth/_1440_augmented_image_652.jpg,water_hyacinth,train
/content/water_hyacinth_project/dataset/classification/water_hyacinth/_330_augmented_image_583.jpg,water_hyacinth,train
/content/water_hyacinth_project/dataset/classification/water_hyacinth/_432_augmented_image_66.jpg,water_hyacinth,train
/content/water_hyacinth_project/dataset/classification/non_water_hyacinth/_702_augmented_image_512.jpg,non_water_hyacinth,train
/content/water_hyacinth_project/dataset/classification/non_water_hyacinth/_381_augmented_image_492.jpg,non_water_hyacinth,train
/content/water_hyacinth_project/dataset/classification/non_water_hyacinth/_279_augmented_image_759.jpg,non_water_hyacinth,train
/content/water_hyacinth_project/dataset/classification/non_water_hyacinth/_352_20230818_112648.jpg,non_water_hyacinth,train
/content/water_hyacinth_project/dataset/classification/water_hyacinth/_20_augmented_image_40.jpg,water_hyacinth,train
/content/water_hyacinth_project/dataset/classification/non_water_hyacinth/_994_augmented_image_799.jpg,non_water_hyacinth,train
/content/water_hyacinth_project/dataset/classification/non_water_hyacinth/_341_augmented_image_754.jpg,non_water_hyacinth,train
/content/water_hyacinth_project/dataset/classification/non_water_hyacinth/_87_IMG_20230811_164505.jpg,non_water_hyacinth,train
/content/water_hyacinth_project/dataset/classification/non_water_hyacinth/_155_20230818_115215.jpg,non_water_hyacinth,train
/content/water_hyacinth_project/dataset/classification/non_water_hyacinth/_117_augmented_image_464.jpg,non_water_hyacinth,train
/content/water_hyacinth_project/dataset/classification/water_hyacinth/_1607_augmented_image_57.jpg,water_hyacinth,train
/content/water_hyacinth_project/dataset/classification/non_water_hyacinth/_11_20230818_115132.jpg,non_water_hyacinth,train
/content/water_hyacinth_project/dataset/classification/non_water_hyacinth/_546_augmented_image_317.jpg,non_water_hyacinth,train
/content/water_hyacinth_project/dataset/classification/non_water_hyacinth/_201_IMG_20230923_101506_1.jpg,non_water_hyacinth,train
/content/water_hyacinth_project/dataset/classification/non_water_hyacinth/_893_augmented_image_39.jpg,non_water_hyacinth,train
/content/water_hyacinth_project/dataset/classification/non_water_hyacinth/_208_IMG_20230923_112007.jpg,non_water_hyacinth,train
/content/water_hyacinth_project/dataset/classification/non_water_hyacinth/_586_augmented_image_357.jpg,non_water_hyacinth,train
/content/water_hyacinth_project/dataset/classification/water_hyacinth/_4554_IMG_20230805_184817.jpg,water_hyacinth,train
/content/water_hyacinth_project/dataset/classification/non_water_hyacinth/_717_augmented_image_169.jpg,non_water_hyacinth,train
/content/water_hyacinth_project/dataset/classification/non_water_hyacinth/_798_augmented_image_161.jpg,non_water_hyacinth,train
/content/water_hyacinth_project/dataset/classification/non_water_hyacinth/_547_augmented_image_611.jpg,non_water_hyacinth,train
/content/water_hyacinth_project/dataset/classification/non_water_hyacinth/_260_augmented_image_845.jpg,non_water_hyacinth,train
/content/water_hyacinth_project/dataset/classification/water_hyacinth/_4941_IMG_20230814_180558.jpg,water_hyacinth,train
/content/water_hyacinth_project/dataset/classification/water_hyacinth/_267_augmented_image_803.jpg,water_hyacinth,train
/content/water_hyacinth_project/dataset/classification/water_hyacinth/_404_augmented_image_209.jpg,water_hyacinth,train
/content/water_hyacinth_project/dataset/classification/non_water_hyacinth/_366_IMG_20230811_165335.jpg,non_water_hyacinth,train
/content/water_hyacinth_project/dataset/classification/non_water_hyacinth/_256_IMG_20230923_105754.jpg,non_water_hyacinth,train
/content/water_hyacinth_project/dataset/classification/non_water_hyacinth/_13_20230818_114929.jpg,non_water_hyacinth,train
/content/water_hyacinth_project/dataset/classification/water_hyacinth/_165_IMG_20230811_165223.jpg,water_hyacinth,train
/content/water_hyacinth_project/dataset/classification/water_hyacinth/_797_augmented_image_883.jpg,water_hyacinth,train
/content/water_hyacinth_project/dataset/classification/non_water_hyacinth/_272_augmented_image_878.jpg,non_water_hyacinth,train
/content/water_hyacinth_project/dataset/classification/non_water_hyacinth/_218_20230818_114857.jpg,non_water_hyacinth,train
/content/water_hyacinth_project/dataset/classification/water_hyacinth/_4862_IMG_20230805_183729.jpg,water_hyacinth,train
/content/water_hyacinth_project/dataset/classification/non_water_hyacinth/_183_IMG_20230814_175913.jpg,non_water_hyacinth,train
/content/water_hyacinth_project/dataset/classification/non_water_hyacinth/_332_augmented_image_330.jpg,non_water_hyacinth,train
/content/water_hyacinth_project/dataset/classification/non_water_hyacinth/_319_20230818_115243.jpg,non_water_hyacinth,train
/content/water_hyacinth_project/dataset/classification/non_water_hyacinth/_599_augmented_image_367.jpg,non_water_hyacinth,train
/content/water_hyacinth_project/dataset/classification/non_water_hyacinth/_411_augmented_image_206.jpg,non_water_hyacinth,train
/content/water_hyacinth_project/dataset/classification/non_water_hyacinth/_409_IMG_20230923_103053.jpg,non_water_hyacinth,train
/content/water_hyacinth_project/dataset/classification/non_water_hyacinth/_152_IMG_20230811_170826.jpg,non_water_hyacinth,train
/content/water_hyacinth_project/dataset/classification/non_water_hyacinth/_359_augmented_image_518.jpg,non_water_hyacinth,train
/content/water_hyacinth_project/dataset/classification/non_water_hyacinth/_241_augmented_image_6.jpg,non_water_hyacinth,train
/content/water_hyacinth_project/dataset/classification/water_hyacinth/_4649_IMG_20230805_165637.jpg,water_hyacinth,train
/content/water_hyacinth_project/dataset/classification/non_water_hyacinth/_684_augmented_image_829.jpg,non_water_hyacinth,train
/content/water_hyacinth_project/dataset/classification/water_hyacinth/_465_augmented_image_135.jpg,water_hyacinth,train
/content/water_hyacinth_project/dataset/classification/non_water_hyacinth/_807_augmented_image_905.jpg,non_water_hyacinth,train
/content/water_hyacinth_project/dataset/classification/non_water_hyacinth/_423_IMG_20230923_111808.jpg,non_water_hyacinth,train
/content/water_hyacinth_project/dataset/classification/non_water_hyacinth/_763_augmented_image_205.jpg,non_water_hyacinth,train
/content/water_hyacinth_project/dataset/classification/water_hyacinth/_1766_augmented_image_76.jpg,water_hyacinth,train
/content/water_hyacinth_project/dataset/classification/non_water_hyacinth/_10_IMG_20230923_112444.jpg,non_water_hyacinth,train
/content/water_hyacinth_project/dataset/classification/water_hyacinth/_1249_augmented_image_874.jpg,water_hyacinth,train
/content/water_hyacinth_project/dataset/classification/non_water_hyacinth/_1001_augmented_image_379.jpg,non_water_hyacinth,train
/content/water_hyacinth_project/dataset/classification/non_water_hyacinth/_463_IMG_20230811_165332.jpg,non_water_hyacinth,train
/content/water_hyacinth_project/dataset/classification/non_water_hyacinth/_378_IMG_20230923_103400.jpg,non_water_hyacinth,train
/content/water_hyacinth_project/dataset/classification/non_water_hyacinth/_274_augmented_image_75.jpg,non_water_hyacinth,train
/content/water_hyacinth_project/dataset/classification/water_hyacinth/_337_IMG_20230805_183407.jpg,water_hyacinth,train
/content/water_hyacinth_project/dataset/classification/non_water_hyacinth/_109_IMG_20230811_170835.jpg,non_water_hyacinth,train
/content/water_hyacinth_project/dataset/classification/non_water_hyacinth/_93_20230812_114105.jpg,non_water_hyacinth,train
/content/water_hyacinth_project/dataset/classification/water_hyacinth/_634_augmented_image_948.jpg,water_hyacinth,train
/content/water_hyacinth_project/dataset/classification/non_water_hyacinth/_826_augmented_image_361.jpg,non_water_hyacinth,train
/content/water_hyacinth_project/dataset/classification/non_water_hyacinth/_699_augmented_image_727.jpg,non_water_hyacinth,train
/content/water_hyacinth_project/dataset/classification/non_water_hyacinth/_59_IMG_20230814_202737.jpg,non_water_hyacinth,train
/content/water_hyacinth_project/dataset/classification/non_water_hyacinth/_171_IMG_20230814_202924.jpg,non_water_hyacinth,train
/content/water_hyacinth_project/dataset/classification/non_water_hyacinth/_24_IMG_20230926_173135.jpg,non_water_hyacinth,train
/content/water_hyacinth_project/dataset/classification/non_water_hyacinth/_203_augmented_image_58.jpg,non_water_hyacinth,train
/content/water_hyacinth_project/dataset/classification/non_water_hyacinth/_133_IMG_20230811_164511.jpg,non_water_hyacinth,train
/content/water_hyacinth_project/dataset/classification/water_hyacinth/_4558_IMG_20230811_171954.jpg,water_hyacinth,train
/content/water_hyacinth_project/dataset/classification/water_hyacinth/_1371_augmented_image_157.jpg,water_hyacinth,train
/content/water_hyacinth_project/dataset/classification/non_water_hyacinth/_776_augmented_image_196.jpg,non_water_hyacinth,train
/content/water_hyacinth_project/dataset/classification/non_water_hyacinth/_692_augmented_image_155.jpg,non_water_hyacinth,train
/content/water_hyacinth_project/dataset/classification/water_hyacinth/_1070_augmented_image_504.jpg,water_hyacinth,train
/content/water_hyacinth_project/dataset/classification/non_water_hyacinth/_160_augmented_image_671.jpg,non_water_hyacinth,train
/content/water_hyacinth_project/dataset/classification/water_hyacinth/_1385_augmented_image_761.jpg,water_hyacinth,train
/content/water_hyacinth_project/dataset/classification/non_water_hyacinth/_196_IMG_20230923_100338.jpg,non_water_hyacinth,train
/content/water_hyacinth_project/dataset/classification/non_water_hyacinth/_896_augmented_image_172.jpg,non_water_hyacinth,train
/content/water_hyacinth_project/dataset/classification/non_water_hyacinth/_26_augmented_image_451.jpg,non_water_hyacinth,train
/content/water_hyacinth_project/dataset/classification/non_water_hyacinth/_212_augmented_image_535.jpg,non_water_hyacinth,val
/content/water_hyacinth_project/dataset/classification/non_water_hyacinth/_348_augmented_image_629.jpg,non_water_hyacinth,val
/content/water_hyacinth_project/dataset/classification/water_hyacinth/_1178_augmented_image_933.jpg,water_hyacinth,val
/content/water_hyacinth_project/dataset/classification/water_hyacinth/_229_IMG_20230814_180624.jpg,water_hyacinth,val
/content/water_hyacinth_project/dataset/classification/water_hyacinth/_333_augmented_image_942.jpg,water_hyacinth,val
/content/water_hyacinth_project/dataset/classification/non_water_hyacinth/_74_IMG_20230811_170820.jpg,non_water_hyacinth,val
/content/water_hyacinth_project/dataset/classification/water_hyacinth/_885_augmented_image_114.jpg,water_hyacinth,val
/content/water_hyacinth_project/dataset/classification/water_hyacinth/_4848_IMG_20230805_184249.jpg,water_hyacinth,val
/content/water_hyacinth_project/dataset/classification/non_water_hyacinth/_28_IMG_20230923_112145_1.jpg,non_water_hyacinth,val
/content/water_hyacinth_project/dataset/classification/non_water_hyacinth/_136_IMG_20230811_165410.jpg,non_water_hyacinth,val
/content/water_hyacinth_project/dataset/classification/non_water_hyacinth/_353_augmented_image_991.jpg,non_water_hyacinth,val
/content/water_hyacinth_project/dataset/classification/non_water_hyacinth/_60_IMG_20230923_101057.jpg,non_water_hyacinth,val
/content/water_hyacinth_project/dataset/classification/non_water_hyacinth/_181_IMG_20230923_103019.jpg,non_water_hyacinth,val
/content/water_hyacinth_project/dataset/classification/non_water_hyacinth/_919_augmented_image_598.jpg,non_water_hyacinth,val
/content/water_hyacinth_project/dataset/classification/water_hyacinth/_948_augmented_image_570.jpg,water_hyacinth,val
/content/water_hyacinth_project/dataset/classification/non_water_hyacinth/_918_augmented_image_842.jpg,non_water_hyacinth,val
/content/water_hyacinth_project/dataset/classification/water_hyacinth/_127_IMG_20230805_183432.jpg,water_hyacinth,val
/content/water_hyacinth_project/dataset/classification/non_water_hyacinth/_389_augmented_image_647.jpg,non_water_hyacinth,val
/content/water_hyacinth_project/dataset/classification/non_water_hyacinth/_258_IMG_20230923_100925.jpg,non_water_hyacinth,val
/content/water_hyacinth_project/dataset/classification/water_hyacinth/_630_augmented_image_520.jpg,water_hyacinth,val
/content/water_hyacinth_project/dataset/classification/non_water_hyacinth/_914_augmented_image_374.jpg,non_water_hyacinth,val
/content/water_hyacinth_project/dataset/classification/water_hyacinth/_1579_augmented_image_688.jpg,water_hyacinth,val
/content/water_hyacinth_project/dataset/classification/non_water_hyacinth/_339_augmented_image_356.jpg,non_water_hyacinth,val
/content/water_hyacinth_project/dataset/classification/water_hyacinth/_889_augmented_image_294.jpg,water_hyacinth,val
/content/water_hyacinth_project/dataset/classification/non_water_hyacinth/_244_IMG_20230926_173052.jpg,non_water_hyacinth,val
/content/water_hyacinth_project/dataset/classification/non_water_hyacinth/_313_IMG_20230923_112150.jpg,non_water_hyacinth,val
/content/water_hyacinth_project/dataset/classification/non_water_hyacinth/_156_IMG_20230814_174430.jpg,non_water_hyacinth,val
/content/water_hyacinth_project/dataset/classification/non_water_hyacinth/_666_augmented_image_404.jpg,non_water_hyacinth,val
/content/water_hyacinth_project/dataset/classification/non_water_hyacinth/_450_augmented_image_700.jpg,non_water_hyacinth,val
/content/water_hyacinth_project/dataset/classification/water_hyacinth/_4827_IMG_20230811_173146.jpg,water_hyacinth,val
/content/water_hyacinth_project/dataset/classification/water_hyacinth/_142_augmented_image_825.jpg,water_hyacinth,val
/content/water_hyacinth_project/dataset/classification/water_hyacinth/_458_augmented_image_972.jpg,water_hyacinth,val
/content/water_hyacinth_project/dataset/classification/non_water_hyacinth/_426_20230818_114723.jpg,non_water_hyacinth,val
/content/water_hyacinth_project/dataset/classification/water_hyacinth/_1354_augmented_image_558.jpg,water_hyacinth,val
/content/water_hyacinth_project/dataset/classification/non_water_hyacinth/_464_IMG_20230811_165259.jpg,non_water_hyacinth,val
/content/water_hyacinth_project/dataset/classification/non_water_hyacinth/_235_IMG_20230923_112413.jpg,non_water_hyacinth,val
/content/water_hyacinth_project/dataset/classification/water_hyacinth/_1213_augmented_image_531.jpg,water_hyacinth,val
/content/water_hyacinth_project/dataset/classification/water_hyacinth/_1864_augmented_image_220.jpg,water_hyacinth,val
/content/water_hyacinth_project/dataset/classification/water_hyacinth/_736_augmented_image_20.jpg,water_hyacinth,val
/content/water_hyacinth_project/dataset/classification/water_hyacinth/_44_IMG_20230811_163707.jpg,water_hyacinth,val
/content/water_hyacinth_project/dataset/classification/non_water_hyacinth/_311_augmented_image_594.jpg,non_water_hyacinth,val
/content/water_hyacinth_project/dataset/classification/non_water_hyacinth/_46_augmented_image_795.jpg,non_water_hyacinth,val
/content/water_hyacinth_project/dataset/classification/water_hyacinth/_834_augmented_image_392.jpg,water_hyacinth,val
/content/water_hyacinth_project/dataset/classification/non_water_hyacinth/_442_IMG_20230923_105709.jpg,non_water_hyacinth,val
/content/water_hyacinth_project/dataset/classification/non_water_hyacinth/_209_IMG_20230811_170841.jpg,non_water_hyacinth,val
/content/water_hyacinth_project/dataset/classification/water_hyacinth/_838_augmented_image_421.jpg,water_hyacinth,val
/content/water_hyacinth_project/dataset/classification/non_water_hyacinth/_30_20230812_114112.jpg,non_water_hyacinth,val
/content/water_hyacinth_project/dataset/classification/non_water_hyacinth/_598_augmented_image_344.jpg,non_water_hyacinth,val
/content/water_hyacinth_project/dataset/classification/non_water_hyacinth/_18_IMG_20230923_100828.jpg,non_water_hyacinth,val
/content/water_hyacinth_project/dataset/classification/non_water_hyacinth/_741_augmented_image_273.jpg,non_water_hyacinth,val
/content/water_hyacinth_project/dataset/classification/non_water_hyacinth/_215_augmented_image_890.jpg,non_water_hyacinth,val
/content/water_hyacinth_project/dataset/classification/non_water_hyacinth/_257_20230818_115022.jpg,non_water_hyacinth,val
/content/water_hyacinth_project/dataset/classification/non_water_hyacinth/_375_augmented_image_79.jpg,non_water_hyacinth,val
/content/water_hyacinth_project/dataset/classification/non_water_hyacinth/_10_IMG_20230811_170230.jpg,non_water_hyacinth,val
/content/water_hyacinth_project/dataset/classification/non_water_hyacinth/_167_augmented_image_426.jpg,non_water_hyacinth,val
/content/water_hyacinth_project/dataset/classification/water_hyacinth/_4790_IMG_20230805_184953.jpg,water_hyacinth,val
/content/water_hyacinth_project/dataset/classification/non_water_hyacinth/_119_20230811_211418.jpg,non_water_hyacinth,val
/content/water_hyacinth_project/dataset/classification/non_water_hyacinth/_875_augmented_image_981.jpg,non_water_hyacinth,val
/content/water_hyacinth_project/dataset/classification/water_hyacinth/_4665_IMG_20230814_210222.jpg,water_hyacinth,val
/content/water_hyacinth_project/dataset/classification/non_water_hyacinth/_3_IMG_20230923_101616.jpg,non_water_hyacinth,val
/content/water_hyacinth_project/dataset/classification/water_hyacinth/_466_IMG_20230811_163352.jpg,water_hyacinth,val
/content/water_hyacinth_project/dataset/classification/non_water_hyacinth/_13_augmented_image_65.jpg,non_water_hyacinth,val
/content/water_hyacinth_project/dataset/classification/non_water_hyacinth/_177_augmented_image_545.jpg,non_water_hyacinth,val
/content/water_hyacinth_project/dataset/classification/water_hyacinth/_17_augmented_image_268.jpg,water_hyacinth,val
/content/water_hyacinth_project/dataset/classification/non_water_hyacinth/_57_20230811_211231.jpg,non_water_hyacinth,val
/content/water_hyacinth_project/dataset/classification/water_hyacinth/_1160_augmented_image_223.jpg,water_hyacinth,val
/content/water_hyacinth_project/dataset/classification/water_hyacinth/_1332_augmented_image_836.jpg,water_hyacinth,val
/content/water_hyacinth_project/dataset/classification/water_hyacinth/_186_augmented_image_386.jpg,water_hyacinth,val
/content/water_hyacinth_project/dataset/classification/water_hyacinth/_1729_augmented_image_171.jpg,water_hyacinth,val
/content/water_hyacinth_project/dataset/classification/non_water_hyacinth/_324_20230811_211214.jpg,non_water_hyacinth,val
/content/water_hyacinth_project/dataset/classification/water_hyacinth/_161_IMG_20230811_165445.jpg,water_hyacinth,val
/content/water_hyacinth_project/dataset/classification/non_water_hyacinth/_82_IMG_20230811_164559.jpg,non_water_hyacinth,val
/content/water_hyacinth_project/dataset/classification/non_water_hyacinth/_428_augmented_image_303.jpg,non_water_hyacinth,val
/content/water_hyacinth_project/dataset/classification/non_water_hyacinth/_97_augmented_image_859.jpg,non_water_hyacinth,val
/content/water_hyacinth_project/dataset/classification/non_water_hyacinth/_358_IMG_20230811_170838.jpg,non_water_hyacinth,val
/content/water_hyacinth_project/dataset/classification/non_water_hyacinth/_983_augmented_image_675.jpg,non_water_hyacinth,val
/content/water_hyacinth_project/dataset/classification/non_water_hyacinth/_175_augmented_image_115.jpg,non_water_hyacinth,val
/content/water_hyacinth_project/dataset/classification/non_water_hyacinth/_8_IMG_20230811_165412.jpg,non_water_hyacinth,val
/content/water_hyacinth_project/dataset/classification/non_water_hyacinth/_54_augmented_image_118.jpg,non_water_hyacinth,val
/content/water_hyacinth_project/dataset/classification/non_water_hyacinth/_114_augmented_image_931.jpg,non_water_hyacinth,val
/content/water_hyacinth_project/dataset/classification/water_hyacinth/_4920_IMG_20230814_180742.jpg,water_hyacinth,val
/content/water_hyacinth_project/dataset/classification/non_water_hyacinth/_186_20230818_115213.jpg,non_water_hyacinth,val
/content/water_hyacinth_project/dataset/classification/non_water_hyacinth/_212_IMG_20230926_173037.jpg,non_water_hyacinth,val
/content/water_hyacinth_project/dataset/classification/non_water_hyacinth/_388_IMG_20230814_203221.jpg,non_water_hyacinth,val
/content/water_hyacinth_project/dataset/classification/water_hyacinth/_382_IMG_20230805_182955.jpg,water_hyacinth,val
/content/water_hyacinth_project/dataset/classification/water_hyacinth/_4699_IMG_20230814_210543.jpg,water_hyacinth,val
/content/water_hyacinth_project/dataset/classification/water_hyacinth/_1309_augmented_image_935.jpg,water_hyacinth,val
/content/water_hyacinth_project/dataset/classification/non_water_hyacinth/_152_IMG_20230923_110632.jpg,non_water_hyacinth,val
/content/water_hyacinth_project/dataset/classification/water_hyacinth/_1811_augmented_image_946.jpg,water_hyacinth,val
/content/water_hyacinth_project/dataset/classification/water_hyacinth/_1400_augmented_image_777.jpg,water_hyacinth,val
/content/water_hyacinth_project/dataset/classification/non_water_hyacinth/_696_augmented_image_895.jpg,non_water_hyacinth,val
/content/water_hyacinth_project/dataset/classification/non_water_hyacinth/_209_IMG_20230923_105536.jpg,non_water_hyacinth,val
/content/water_hyacinth_project/dataset/classification/water_hyacinth/_1337_augmented_image_433.jpg,water_hyacinth,val
/content/water_hyacinth_project/dataset/classification/non_water_hyacinth/_338_augmented_image_290.jpg,non_water_hyacinth,val
/content/water_hyacinth_project/dataset/classification/non_water_hyacinth/_459_20230818_114915.jpg,non_water_hyacinth,val
/content/water_hyacinth_project/dataset/classification/non_water_hyacinth/_47_IMG_20230923_110904.jpg,non_water_hyacinth,val
/content/water_hyacinth_project/dataset/classification/non_water_hyacinth/_173_IMG_20230923_112244.jpg,non_water_hyacinth,val
/content/water_hyacinth_project/dataset/classification/non_water_hyacinth/_181_IMG_20230923_105844.jpg,non_water_hyacinth,val
/content/water_hyacinth_project/dataset/classification/non_water_hyacinth/_715_augmented_image_199.jpg,non_water_hyacinth,val
/content/water_hyacinth_project/dataset/classification/water_hyacinth/_4610_IMG_20230814_180626.jpg,water_hyacinth,val
/content/water_hyacinth_project/dataset/classification/non_water_hyacinth/_245_IMG_20230923_101657.jpg,non_water_hyacinth,val
/content/water_hyacinth_project/dataset/classification/water_hyacinth/_4806_IMG_20230805_171731.jpg,water_hyacinth,val
/content/water_hyacinth_project/dataset/classification/water_hyacinth/_1286_augmented_image_586.jpg,water_hyacinth,val
/content/water_hyacinth_project/dataset/classification/water_hyacinth/_1538_augmented_image_262.jpg,water_hyacinth,val
/content/water_hyacinth_project/dataset/classification/water_hyacinth/_4571_IMG_20230805_182936.jpg,water_hyacinth,val
/content/water_hyacinth_project/dataset/classification/non_water_hyacinth/_359_augmented_image_345.jpg,non_water_hyacinth,val
/content/water_hyacinth_project/dataset/classification/water_hyacinth/_4767_IMG_20230805_184655.jpg,water_hyacinth,val
/content/water_hyacinth_project/dataset/classification/non_water_hyacinth/_845_augmented_image_384.jpg,non_water_hyacinth,val
/content/water_hyacinth_project/dataset/classification/non_water_hyacinth/_41_augmented_image_249.jpg,non_water_hyacinth,val
/content/water_hyacinth_project/dataset/classification/non_water_hyacinth/_222_IMG_20230814_205310.jpg,non_water_hyacinth,val
/content/water_hyacinth_project/dataset/classification/non_water_hyacinth/_283_IMG_20230926_173145.jpg,non_water_hyacinth,val
/content/water_hyacinth_project/dataset/classification/non_water_hyacinth/_971_augmented_image_844.jpg,non_water_hyacinth,val
/content/water_hyacinth_project/dataset/classification/water_hyacinth/_114_augmented_image_931.jpg,water_hyacinth,val
/content/water_hyacinth_project/dataset/classification/water_hyacinth/_4580_IMG_20230805_184802.jpg,water_hyacinth,val
/content/water_hyacinth_project/dataset/classification/non_water_hyacinth/_143_IMG_20230926_172936.jpg,non_water_hyacinth,val
/content/water_hyacinth_project/dataset/classification/water_hyacinth/_1709_augmented_image_445.jpg,water_hyacinth,val
/content/water_hyacinth_project/dataset/classification/non_water_hyacinth/_628_augmented_image_278.jpg,non_water_hyacinth,val
/content/water_hyacinth_project/dataset/classification/non_water_hyacinth/_630_augmented_image_520.jpg,non_water_hyacinth,val
/content/water_hyacinth_project/dataset/classification/non_water_hyacinth/_503_augmented_image_146.jpg,non_water_hyacinth,val
/content/water_hyacinth_project/dataset/classification/non_water_hyacinth/_40_augmented_image_463.jpg,non_water_hyacinth,val
/content/water_hyacinth_project/dataset/classification/non_water_hyacinth/_166_augmented_image_545.jpg,non_water_hyacinth,val
/content/water_hyacinth_project/dataset/classification/non_water_hyacinth/_220_IMG_20230923_103440.jpg,non_water_hyacinth,val
/content/water_hyacinth_project/dataset/classification/non_water_hyacinth/_150_IMG_20230811_170414.jpg,non_water_hyacinth,val
/content/water_hyacinth_project/dataset/classification/non_water_hyacinth/_112_20230818_114901.jpg,non_water_hyacinth,val
/content/water_hyacinth_project/dataset/classification/non_water_hyacinth/_1_IMG_20230926_172922.jpg,non_water_hyacinth,val
/content/water_hyacinth_project/dataset/classification/water_hyacinth/_300_IMG_20230805_185300.jpg,water_hyacinth,val
/content/water_hyacinth_project/dataset/classification/non_water_hyacinth/_453_IMG_20230811_165420.jpg,non_water_hyacinth,val
/content/water_hyacinth_project/dataset/classification/non_water_hyacinth/_620_augmented_image_797.jpg,non_water_hyacinth,val
/content/water_hyacinth_project/dataset/classification/non_water_hyacinth/_277_augmented_image_67.jpg,non_water_hyacinth,val
/content/water_hyacinth_project/dataset/classification/water_hyacinth/_117_IMG_20230805_184918.jpg,water_hyacinth,val
/content/water_hyacinth_project/dataset/classification/non_water_hyacinth/_353_20230818_113428.jpg,non_water_hyacinth,val
/content/water_hyacinth_project/dataset/classification/non_water_hyacinth/_63_20230811_211510.jpg,non_water_hyacinth,val
/content/water_hyacinth_project/dataset/classification/non_water_hyacinth/_965_augmented_image_598.jpg,non_water_hyacinth,val
/content/water_hyacinth_project/dataset/classification/non_water_hyacinth/_181_augmented_image_882.jpg,non_water_hyacinth,val
/content/water_hyacinth_project/dataset/classification/non_water_hyacinth/_32_augmented_image_626.jpg,non_water_hyacinth,val
/content/water_hyacinth_project/dataset/classification/non_water_hyacinth/_362_IMG_20230926_172817.jpg,non_water_hyacinth,val
/content/water_hyacinth_project/dataset/classification/non_water_hyacinth/_166_IMG_20230811_163637.jpg,non_water_hyacinth,val
/content/water_hyacinth_project/dataset/classification/water_hyacinth/_273_augmented_image_80.jpg,water_hyacinth,val
/content/water_hyacinth_project/dataset/classification/non_water_hyacinth/_354_20230811_211419.jpg,non_water_hyacinth,val
/content/water_hyacinth_project/dataset/classification/non_water_hyacinth/_301_20230818_115230.jpg,non_water_hyacinth,val
/content/water_hyacinth_project/dataset/classification/water_hyacinth/_1604_augmented_image_193.jpg,water_hyacinth,val
/content/water_hyacinth_project/dataset/classification/non_water_hyacinth/_324_IMG_20230811_163738.jpg,non_water_hyacinth,val
/content/water_hyacinth_project/dataset/classification/non_water_hyacinth/_280_IMG_20230923_100601.jpg,non_water_hyacinth,val
/content/water_hyacinth_project/dataset/classification/non_water_hyacinth/_550_augmented_image_281.jpg,non_water_hyacinth,val
/content/water_hyacinth_project/dataset/classification/non_water_hyacinth/_80_augmented_image_53.jpg,non_water_hyacinth,val
/content/water_hyacinth_project/dataset/classification/non_water_hyacinth/_90_augmented_image_970.jpg,non_water_hyacinth,val
/content/water_hyacinth_project/dataset/classification/water_hyacinth/_492_augmented_image_259.jpg,water_hyacinth,val
/content/water_hyacinth_project/dataset/classification/non_water_hyacinth/_140_IMG_20230814_203115.jpg,non_water_hyacinth,val
/content/water_hyacinth_project/dataset/classification/non_water_hyacinth/_68_20230818_114934.jpg,non_water_hyacinth,val
/content/water_hyacinth_project/dataset/classification/non_water_hyacinth/_733_augmented_image_898.jpg,non_water_hyacinth,val
/content/water_hyacinth_project/dataset/classification/non_water_hyacinth/_475_augmented_image_896.jpg,non_water_hyacinth,val
/content/water_hyacinth_project/dataset/classification/non_water_hyacinth/_58_IMG_20230814_203759.jpg,non_water_hyacinth,val
/content/water_hyacinth_project/dataset/classification/non_water_hyacinth/_549_augmented_image_293.jpg,non_water_hyacinth,val
/content/water_hyacinth_project/dataset/classification/non_water_hyacinth/_152_augmented_image_870.jpg,non_water_hyacinth,val
/content/water_hyacinth_project/dataset/classification/non_water_hyacinth/_638_augmented_image_807.jpg,non_water_hyacinth,val
/content/water_hyacinth_project/dataset/classification/non_water_hyacinth/_2_20230811_211449.jpg,non_water_hyacinth,val
/content/water_hyacinth_project/dataset/classification/non_water_hyacinth/_301_20230811_211155.jpg,non_water_hyacinth,val
/content/water_hyacinth_project/dataset/classification/non_water_hyacinth/_430_augmented_image_757.jpg,non_water_hyacinth,val
/content/water_hyacinth_project/dataset/classification/water_hyacinth/_1182_augmented_image_454.jpg,water_hyacinth,val
/content/water_hyacinth_project/dataset/classification/non_water_hyacinth/_870_augmented_image_494.jpg,non_water_hyacinth,val
/content/water_hyacinth_project/dataset/classification/non_water_hyacinth/_109_augmented_image_464.jpg,non_water_hyacinth,val
/content/water_hyacinth_project/dataset/classification/water_hyacinth/_1809_augmented_image_772.jpg,water_hyacinth,val
/content/water_hyacinth_project/dataset/classification/non_water_hyacinth/_497_augmented_image_877.jpg,non_water_hyacinth,val
/content/water_hyacinth_project/dataset/classification/non_water_hyacinth/_431_20230818_112700.jpg,non_water_hyacinth,val
/content/water_hyacinth_project/dataset/classification/non_water_hyacinth/_6_20230818_113827.jpg,non_water_hyacinth,val
/content/water_hyacinth_project/dataset/classification/water_hyacinth/_1262_augmented_image_440.jpg,water_hyacinth,val
/content/water_hyacinth_project/dataset/classification/water_hyacinth/_107_augmented_image_378.jpg,water_hyacinth,val
/content/water_hyacinth_project/dataset/classification/water_hyacinth/_650_augmented_image_210.jpg,water_hyacinth,val
/content/water_hyacinth_project/dataset/classification/non_water_hyacinth/_767_augmented_image_105.jpg,non_water_hyacinth,val
/content/water_hyacinth_project/dataset/classification/non_water_hyacinth/_196_IMG_20230814_204334.jpg,non_water_hyacinth,val
/content/water_hyacinth_project/dataset/classification/non_water_hyacinth/_884_augmented_image_152.jpg,non_water_hyacinth,val
/content/water_hyacinth_project/dataset/classification/non_water_hyacinth/_210_augmented_image_256.jpg,non_water_hyacinth,val
/content/water_hyacinth_project/dataset/classification/non_water_hyacinth/_167_IMG_20230814_204526.jpg,non_water_hyacinth,val
/content/water_hyacinth_project/dataset/classification/non_water_hyacinth/_367_augmented_image_642.jpg,non_water_hyacinth,val
/content/water_hyacinth_project/dataset/classification/non_water_hyacinth/_689_augmented_image_527.jpg,non_water_hyacinth,val
/content/water_hyacinth_project/dataset/classification/non_water_hyacinth/_502_augmented_image_496.jpg,non_water_hyacinth,val
/content/water_hyacinth_project/dataset/classification/non_water_hyacinth/_844_augmented_image_607.jpg,non_water_hyacinth,val
/content/water_hyacinth_project/dataset/classification/water_hyacinth/_1660_augmented_image_155.jpg,water_hyacinth,val
/content/water_hyacinth_project/dataset/classification/non_water_hyacinth/_322_augmented_image_100.jpg,non_water_hyacinth,val
/content/water_hyacinth_project/dataset/classification/water_hyacinth/_789_augmented_image_316.jpg,water_hyacinth,val
/content/water_hyacinth_project/dataset/classification/non_water_hyacinth/_456_20230818_114750.jpg,non_water_hyacinth,val
/content/water_hyacinth_project/dataset/classification/water_hyacinth/_240_IMG_20230811_173127.jpg,water_hyacinth,val
/content/water_hyacinth_project/dataset/classification/water_hyacinth/_1782_augmented_image_663.jpg,water_hyacinth,val
/content/water_hyacinth_project/dataset/classification/water_hyacinth/_943_augmented_image_886.jpg,water_hyacinth,val
/content/water_hyacinth_project/dataset/classification/non_water_hyacinth/_632_augmented_image_193.jpg,non_water_hyacinth,val
/content/water_hyacinth_project/dataset/classification/non_water_hyacinth/_121_IMG_20230811_163649.jpg,non_water_hyacinth,val
/content/water_hyacinth_project/dataset/classification/water_hyacinth/_1407_augmented_image_737.jpg,water_hyacinth,val
/content/water_hyacinth_project/dataset/classification/water_hyacinth/_1763_augmented_image_205.jpg,water_hyacinth,val
/content/water_hyacinth_project/dataset/classification/non_water_hyacinth/_55_augmented_image_314.jpg,non_water_hyacinth,val
/content/water_hyacinth_project/dataset/classification/non_water_hyacinth/_487_augmented_image_135.jpg,non_water_hyacinth,val
/content/water_hyacinth_project/dataset/classification/non_water_hyacinth/_350_IMG_20230814_203121.jpg,non_water_hyacinth,val
/content/water_hyacinth_project/dataset/classification/non_water_hyacinth/_852_augmented_image_429.jpg,non_water_hyacinth,val
/content/water_hyacinth_project/dataset/classification/non_water_hyacinth/_894_augmented_image_450.jpg,non_water_hyacinth,val
/content/water_hyacinth_project/dataset/classification/water_hyacinth/_1712_augmented_image_92.jpg,water_hyacinth,val
/content/water_hyacinth_project/dataset/classification/non_water_hyacinth/_114_augmented_image_823.jpg,non_water_hyacinth,val
/content/water_hyacinth_project/dataset/classification/non_water_hyacinth/_105_augmented_image_859.jpg,non_water_hyacinth,val
/content/water_hyacinth_project/dataset/classification/non_water_hyacinth/_760_augmented_image_995.jpg,non_water_hyacinth,val
/content/water_hyacinth_project/dataset/classification/non_water_hyacinth/_1024_augmented_image_894.jpg,non_water_hyacinth,val
/content/water_hyacinth_project/dataset/classification/non_water_hyacinth/_291_20230818_114837.jpg,non_water_hyacinth,val
/content/water_hyacinth_project/dataset/classification/non_water_hyacinth/_535_augmented_image_332.jpg,non_water_hyacinth,val
/content/water_hyacinth_project/dataset/classification/non_water_hyacinth/_376_IMG_20230923_103410.jpg,non_water_hyacinth,val
/content/water_hyacinth_project/dataset/classification/water_hyacinth/_4587_IMG_20230811_165120.jpg,water_hyacinth,val
/content/water_hyacinth_project/dataset/classification/non_water_hyacinth/_1034_augmented_image_318.jpg,non_water_hyacinth,val
/content/water_hyacinth_project/dataset/classification/water_hyacinth/_261_augmented_image_247.jpg,water_hyacinth,val
/content/water_hyacinth_project/dataset/classification/non_water_hyacinth/_926_augmented_image_299.jpg,non_water_hyacinth,val
/content/water_hyacinth_project/dataset/classification/water_hyacinth/_43_IMG_20230814_180634.jpg,water_hyacinth,val
/content/water_hyacinth_project/dataset/classification/non_water_hyacinth/_972_augmented_image_481.jpg,non_water_hyacinth,val
/content/water_hyacinth_project/dataset/classification/water_hyacinth/_166_augmented_image_545.jpg,water_hyacinth,val
/content/water_hyacinth_project/dataset/classification/water_hyacinth/_43_augmented_image_983.jpg,water_hyacinth,val
/content/water_hyacinth_project/dataset/classification/non_water_hyacinth/_711_augmented_image_1044.jpg,non_water_hyacinth,val
/content/water_hyacinth_project/dataset/classification/water_hyacinth/_195_IMG_20230814_210606.jpg,water_hyacinth,val
/content/water_hyacinth_project/dataset/classification/non_water_hyacinth/_111_IMG_20230923_112225.jpg,non_water_hyacinth,val
/content/water_hyacinth_project/dataset/classification/non_water_hyacinth/_91_augmented_image_480.jpg,non_water_hyacinth,val
/content/water_hyacinth_project/dataset/classification/non_water_hyacinth/_345_augmented_image_1029.jpg,non_water_hyacinth,val
/content/water_hyacinth_project/dataset/classification/non_water_hyacinth/_758_augmented_image_342.jpg,non_water_hyacinth,val
/content/water_hyacinth_project/dataset/classification/non_water_hyacinth/_936_augmented_image_675.jpg,non_water_hyacinth,val
/content/water_hyacinth_project/dataset/classification/non_water_hyacinth/_966_augmented_image_147.jpg,non_water_hyacinth,val
/content/water_hyacinth_project/dataset/classification/non_water_hyacinth/_473_augmented_image_267.jpg,non_water_hyacinth,val
/content/water_hyacinth_project/dataset/classification/non_water_hyacinth/_370_augmented_image_277.jpg,non_water_hyacinth,val
/content/water_hyacinth_project/dataset/classification/non_water_hyacinth/_194_augmented_image_694.jpg,non_water_hyacinth,val
/content/water_hyacinth_project/dataset/classification/water_hyacinth/_432_IMG_20230814_180909.jpg,water_hyacinth,val
/content/water_hyacinth_project/dataset/classification/non_water_hyacinth/_34_IMG_20230814_203945.jpg,non_water_hyacinth,val
/content/water_hyacinth_project/dataset/classification/water_hyacinth/_397_IMG_20230814_210335.jpg,water_hyacinth,val
/content/water_hyacinth_project/dataset/classification/non_water_hyacinth/_783_augmented_image_993.jpg,non_water_hyacinth,val
/content/water_hyacinth_project/dataset/classification/non_water_hyacinth/_952_augmented_image_959.jpg,non_water_hyacinth,val
/content/water_hyacinth_project/dataset/classification/water_hyacinth/_1250_augmented_image_550.jpg,water_hyacinth,val
/content/water_hyacinth_project/dataset/classification/non_water_hyacinth/_44_IMG_20230923_100742.jpg,non_water_hyacinth,val
/content/water_hyacinth_project/dataset/classification/non_water_hyacinth/_286_IMG_20230926_173314.jpg,non_water_hyacinth,val
/content/water_hyacinth_project/dataset/classification/non_water_hyacinth/_768_augmented_image_932.jpg,non_water_hyacinth,val
/content/water_hyacinth_project/dataset/classification/non_water_hyacinth/_5_20230811_211440.jpg,non_water_hyacinth,val
/content/water_hyacinth_project/dataset/classification/non_water_hyacinth/_312_20230811_211230.jpg,non_water_hyacinth,val
/content/water_hyacinth_project/dataset/classification/non_water_hyacinth/_465_20230818_115146.jpg,non_water_hyacinth,val
/content/water_hyacinth_project/dataset/classification/water_hyacinth/_217_augmented_image_830.jpg,water_hyacinth,val
/content/water_hyacinth_project/dataset/classification/non_water_hyacinth/_4_augmented_image_441.jpg,non_water_hyacinth,val
/content/water_hyacinth_project/dataset/classification/non_water_hyacinth/_961_augmented_image_156.jpg,non_water_hyacinth,val
/content/water_hyacinth_project/dataset/classification/non_water_hyacinth/_419_augmented_image_682.jpg,non_water_hyacinth,val
/content/water_hyacinth_project/dataset/classification/water_hyacinth/_252_IMG_20230814_210446.jpg,water_hyacinth,val
/content/water_hyacinth_project/dataset/classification/non_water_hyacinth/_187_IMG_20230923_100820.jpg,non_water_hyacinth,val
/content/water_hyacinth_project/dataset/classification/non_water_hyacinth/_627_augmented_image_367.jpg,non_water_hyacinth,val
/content/water_hyacinth_project/dataset/classification/non_water_hyacinth/_927_augmented_image_540.jpg,non_water_hyacinth,val
/content/water_hyacinth_project/dataset/classification/non_water_hyacinth/_632_augmented_image_634.jpg,non_water_hyacinth,val
/content/water_hyacinth_project/dataset/classification/non_water_hyacinth/_104_IMG_20230811_165306.jpg,non_water_hyacinth,val
/content/water_hyacinth_project/dataset/classification/water_hyacinth/_388_augmented_image_888.jpg,water_hyacinth,val
/content/water_hyacinth_project/dataset/classification/water_hyacinth/_4595_IMG_20230805_183108.jpg,water_hyacinth,val
/content/water_hyacinth_project/dataset/classification/non_water_hyacinth/_541_augmented_image_1040.jpg,non_water_hyacinth,val
/content/water_hyacinth_project/dataset/classification/non_water_hyacinth/_421_IMG_20230923_112303.jpg,non_water_hyacinth,val
/content/water_hyacinth_project/dataset/classification/non_water_hyacinth/_935_augmented_image_294.jpg,non_water_hyacinth,val
/content/water_hyacinth_project/dataset/classification/non_water_hyacinth/_901_augmented_image_766.jpg,non_water_hyacinth,val
/content/water_hyacinth_project/dataset/classification/water_hyacinth/_319_IMG_20230814_180647.jpg,water_hyacinth,val
/content/water_hyacinth_project/dataset/classification/non_water_hyacinth/_43_augmented_image_983.jpg,non_water_hyacinth,val
/content/water_hyacinth_project/dataset/classification/non_water_hyacinth/_130_augmented_image_250.jpg,non_water_hyacinth,val
/content/water_hyacinth_project/dataset/classification/non_water_hyacinth/_377_augmented_image_345.jpg,non_water_hyacinth,val
/content/water_hyacinth_project/dataset/classification/water_hyacinth/_1_IMG_20230814_210721.jpg,water_hyacinth,val
/content/water_hyacinth_project/dataset/classification/water_hyacinth/_248_IMG_20230805_185131.jpg,water_hyacinth,val
/content/water_hyacinth_project/dataset/classification/non_water_hyacinth/_499_augmented_image_872.jpg,non_water_hyacinth,val
/content/water_hyacinth_project/dataset/classification/non_water_hyacinth/_708_augmented_image_865.jpg,non_water_hyacinth,val
/content/water_hyacinth_project/dataset/classification/non_water_hyacinth/_134_IMG_20230814_204256.jpg,non_water_hyacinth,val
/content/water_hyacinth_project/dataset/classification/non_water_hyacinth/_576_augmented_image_183.jpg,non_water_hyacinth,val
/content/water_hyacinth_project/dataset/classification/water_hyacinth/_477_augmented_image_872.jpg,water_hyacinth,val
/content/water_hyacinth_project/dataset/classification/non_water_hyacinth/_142_IMG_20230811_164509.jpg,non_water_hyacinth,val
/content/water_hyacinth_project/dataset/classification/water_hyacinth/_226_augmented_image_653.jpg,water_hyacinth,val
/content/water_hyacinth_project/dataset/classification/non_water_hyacinth/_894_augmented_image_618.jpg,non_water_hyacinth,val
/content/water_hyacinth_project/dataset/classification/non_water_hyacinth/_859_augmented_image_563.jpg,non_water_hyacinth,val
/content/water_hyacinth_project/dataset/classification/water_hyacinth/_1907_augmented_image_806.jpg,water_hyacinth,val
/content/water_hyacinth_project/dataset/classification/water_hyacinth/_945_augmented_image_925.jpg,water_hyacinth,val
/content/water_hyacinth_project/dataset/classification/non_water_hyacinth/_80_augmented_image_920.jpg,non_water_hyacinth,val
/content/water_hyacinth_project/dataset/classification/non_water_hyacinth/_70_IMG_20230814_174217.jpg,non_water_hyacinth,val
/content/water_hyacinth_project/dataset/classification/non_water_hyacinth/_193_20230818_114925.jpg,non_water_hyacinth,val
/content/water_hyacinth_project/dataset/classification/non_water_hyacinth/_848_augmented_image_618.jpg,non_water_hyacinth,val
/content/water_hyacinth_project/dataset/classification/water_hyacinth/_1901_augmented_image_375.jpg,water_hyacinth,val
/content/water_hyacinth_project/dataset/classification/non_water_hyacinth/_327_augmented_image_594.jpg,non_water_hyacinth,val
/content/water_hyacinth_project/dataset/classification/water_hyacinth/_1420_augmented_image_37.jpg,water_hyacinth,val
/content/water_hyacinth_project/dataset/classification/non_water_hyacinth/_211_augmented_image_591.jpg,non_water_hyacinth,val
/content/water_hyacinth_project/dataset/classification/non_water_hyacinth/_892_augmented_image_117.jpg,non_water_hyacinth,val
/content/water_hyacinth_project/dataset/classification/non_water_hyacinth/_315_augmented_image_330.jpg,non_water_hyacinth,val
/content/water_hyacinth_project/dataset/classification/non_water_hyacinth/_392_IMG_20230814_203752.jpg,non_water_hyacinth,val
/content/water_hyacinth_project/dataset/classification/non_water_hyacinth/_226_IMG_20230814_204114.jpg,non_water_hyacinth,val
/content/water_hyacinth_project/dataset/classification/water_hyacinth/_910_augmented_image_990.jpg,water_hyacinth,val
/content/water_hyacinth_project/dataset/classification/non_water_hyacinth/_217_augmented_image_452.jpg,non_water_hyacinth,val
/content/water_hyacinth_project/dataset/classification/non_water_hyacinth/_553_augmented_image_101.jpg,non_water_hyacinth,val
/content/water_hyacinth_project/dataset/classification/non_water_hyacinth/_279_20230818_114906.jpg,non_water_hyacinth,val
/content/water_hyacinth_project/dataset/classification/water_hyacinth/_520_augmented_image_228.jpg,water_hyacinth,val
/content/water_hyacinth_project/dataset/classification/water_hyacinth/_4600_IMG_20230804_090241.jpg,water_hyacinth,val
/content/water_hyacinth_project/dataset/classification/non_water_hyacinth/_38_20230818_115239.jpg,non_water_hyacinth,val
/content/water_hyacinth_project/dataset/classification/non_water_hyacinth/_288_augmented_image_83.jpg,non_water_hyacinth,val
/content/water_hyacinth_project/dataset/classification/water_hyacinth/_82_augmented_image_788.jpg,water_hyacinth,val
/content/water_hyacinth_project/dataset/classification/non_water_hyacinth/_363_IMG_20230814_205504.jpg,non_water_hyacinth,val
/content/water_hyacinth_project/dataset/classification/non_water_hyacinth/_623_augmented_image_138.jpg,non_water_hyacinth,val
/content/water_hyacinth_project/dataset/classification/non_water_hyacinth/_619_augmented_image_321.jpg,non_water_hyacinth,val
/content/water_hyacinth_project/dataset/classification/non_water_hyacinth/_886_augmented_image_662.jpg,non_water_hyacinth,val
/content/water_hyacinth_project/dataset/classification/water_hyacinth/_203_IMG_20230805_165749.jpg,water_hyacinth,val
/content/water_hyacinth_project/dataset/classification/non_water_hyacinth/_721_augmented_image_396.jpg,non_water_hyacinth,val
/content/water_hyacinth_project/dataset/classification/non_water_hyacinth/_543_augmented_image_965.jpg,non_water_hyacinth,val
/content/water_hyacinth_project/dataset/classification/non_water_hyacinth/_454_augmented_image_461.jpg,non_water_hyacinth,val
/content/water_hyacinth_project/dataset/classification/water_hyacinth/_1380_augmented_image_926.jpg,water_hyacinth,val
/content/water_hyacinth_project/dataset/classification/non_water_hyacinth/_398_augmented_image_300.jpg,non_water_hyacinth,val
/content/water_hyacinth_project/dataset/classification/water_hyacinth/_590_augmented_image_622.jpg,water_hyacinth,val
/content/water_hyacinth_project/dataset/classification/water_hyacinth/_416_IMG_20230805_165838.jpg,water_hyacinth,val
/content/water_hyacinth_project/dataset/classification/non_water_hyacinth/_189_IMG_20230926_173003.jpg,non_water_hyacinth,val
/content/water_hyacinth_project/dataset/classification/non_water_hyacinth/_131_IMG_20230811_165251.jpg,non_water_hyacinth,val
/content/water_hyacinth_project/dataset/classification/non_water_hyacinth/_249_augmented_image_874.jpg,non_water_hyacinth,val
/content/water_hyacinth_project/dataset/classification/non_water_hyacinth/_96_augmented_image_99.jpg,non_water_hyacinth,val
/content/water_hyacinth_project/dataset/classification/water_hyacinth/_852_augmented_image_429.jpg,water_hyacinth,val
/content/water_hyacinth_project/dataset/classification/non_water_hyacinth/_275_augmented_image_1036.jpg,non_water_hyacinth,val
/content/water_hyacinth_project/dataset/classification/non_water_hyacinth/_148_IMG_20230814_202825.jpg,non_water_hyacinth,val
/content/water_hyacinth_project/dataset/classification/non_water_hyacinth/_80_IMG_20230926_173728.jpg,non_water_hyacinth,val
/content/water_hyacinth_project/dataset/classification/non_water_hyacinth/_90_IMG_20230923_110804.jpg,non_water_hyacinth,val
/content/water_hyacinth_project/dataset/classification/non_water_hyacinth/_79_20230818_115141(0).jpg,non_water_hyacinth,val
/content/water_hyacinth_project/dataset/classification/non_water_hyacinth/_799_augmented_image_655.jpg,non_water_hyacinth,val
/content/water_hyacinth_project/dataset/classification/non_water_hyacinth/_321_augmented_image_290.jpg,non_water_hyacinth,val
/content/water_hyacinth_project/dataset/classification/non_water_hyacinth/_145_IMG_20230923_100744.jpg,non_water_hyacinth,test
/content/water_hyacinth_project/dataset/classification/non_water_hyacinth/_67_IMG_20230923_110950.jpg,non_water_hyacinth,test
/content/water_hyacinth_project/dataset/classification/non_water_hyacinth/_213_20230818_113353.jpg,non_water_hyacinth,test
/content/water_hyacinth_project/dataset/classification/non_water_hyacinth/_13_augmented_image_218.jpg,non_water_hyacinth,test
/content/water_hyacinth_project/dataset/classification/non_water_hyacinth/_90_IMG_20230923_100743.jpg,non_water_hyacinth,test
/content/water_hyacinth_project/dataset/classification/non_water_hyacinth/_294_IMG_20230814_174203.jpg,non_water_hyacinth,test
/content/water_hyacinth_project/dataset/classification/non_water_hyacinth/_904_augmented_image_827.jpg,non_water_hyacinth,test
/content/water_hyacinth_project/dataset/classification/non_water_hyacinth/_471_IMG_20230923_101602.jpg,non_water_hyacinth,test
/content/water_hyacinth_project/dataset/classification/water_hyacinth/_1223_augmented_image_180.jpg,water_hyacinth,test
/content/water_hyacinth_project/dataset/classification/non_water_hyacinth/_410_IMG_20230923_110138.jpg,non_water_hyacinth,test
/content/water_hyacinth_project/dataset/classification/non_water_hyacinth/_369_IMG_20230923_103403.jpg,non_water_hyacinth,test
/content/water_hyacinth_project/dataset/classification/water_hyacinth/_1457_augmented_image_534.jpg,water_hyacinth,test
/content/water_hyacinth_project/dataset/classification/non_water_hyacinth/_27_IMG_20230923_105859.jpg,non_water_hyacinth,test
/content/water_hyacinth_project/dataset/classification/non_water_hyacinth/_391_augmented_image_206.jpg,non_water_hyacinth,test
/content/water_hyacinth_project/dataset/classification/non_water_hyacinth/_312_IMG_20230814_202643.jpg,non_water_hyacinth,test
/content/water_hyacinth_project/dataset/classification/non_water_hyacinth/_53_20230818_113908.jpg,non_water_hyacinth,test
/content/water_hyacinth_project/dataset/classification/non_water_hyacinth/_108_IMG_20230926_173219.jpg,non_water_hyacinth,test
/content/water_hyacinth_project/dataset/classification/water_hyacinth/_109_IMG_20230814_210243.jpg,water_hyacinth,test
/content/water_hyacinth_project/dataset/classification/non_water_hyacinth/_321_augmented_image_408.jpg,non_water_hyacinth,test
/content/water_hyacinth_project/dataset/classification/non_water_hyacinth/_182_IMG_20230811_165254.jpg,non_water_hyacinth,test
/content/water_hyacinth_project/dataset/classification/non_water_hyacinth/_307_20230818_114711.jpg,non_water_hyacinth,test
/content/water_hyacinth_project/dataset/classification/non_water_hyacinth/_503_augmented_image_752.jpg,non_water_hyacinth,test
/content/water_hyacinth_project/dataset/classification/non_water_hyacinth/_420_IMG_20230923_110309.jpg,non_water_hyacinth,test
/content/water_hyacinth_project/dataset/classification/non_water_hyacinth/_77_augmented_image_1005.jpg,non_water_hyacinth,test
/content/water_hyacinth_project/dataset/classification/non_water_hyacinth/_379_IMG_20230923_111549_1.jpg,non_water_hyacinth,test
/content/water_hyacinth_project/dataset/classification/non_water_hyacinth/_76_20230818_115149.jpg,non_water_hyacinth,test
/content/water_hyacinth_project/dataset/classification/water_hyacinth/_612_augmented_image_182.jpg,water_hyacinth,test
/content/water_hyacinth_project/dataset/classification/water_hyacinth/_537_augmented_image_753.jpg,water_hyacinth,test
/content/water_hyacinth_project/dataset/classification/non_water_hyacinth/_559_augmented_image_107.jpg,non_water_hyacinth,test
/content/water_hyacinth_project/dataset/classification/water_hyacinth/_77_augmented_image_822.jpg,water_hyacinth,test
/content/water_hyacinth_project/dataset/classification/water_hyacinth/_662_augmented_image_819.jpg,water_hyacinth,test
/content/water_hyacinth_project/dataset/classification/water_hyacinth/_827_augmented_image_502.jpg,water_hyacinth,test
/content/water_hyacinth_project/dataset/classification/non_water_hyacinth/_86_IMG_20230814_203608.jpg,non_water_hyacinth,test
/content/water_hyacinth_project/dataset/classification/non_water_hyacinth/_9_IMG_20230923_100453.jpg,non_water_hyacinth,test
/content/water_hyacinth_project/dataset/classification/water_hyacinth/_244_IMG_20230811_165449.jpg,water_hyacinth,test
/content/water_hyacinth_project/dataset/classification/non_water_hyacinth/_388_IMG_20230923_110125.jpg,non_water_hyacinth,test
/content/water_hyacinth_project/dataset/classification/water_hyacinth/_4575_IMG_20230814_210630.jpg,water_hyacinth,test
/content/water_hyacinth_project/dataset/classification/non_water_hyacinth/_178_20230818_114830.jpg,non_water_hyacinth,test
/content/water_hyacinth_project/dataset/classification/non_water_hyacinth/_62_augmented_image_306.jpg,non_water_hyacinth,test
/content/water_hyacinth_project/dataset/classification/water_hyacinth/_110_IMG_20230814_210056.jpg,water_hyacinth,test
/content/water_hyacinth_project/dataset/classification/non_water_hyacinth/_82_IMG_20230811_165140.jpg,non_water_hyacinth,test
/content/water_hyacinth_project/dataset/classification/non_water_hyacinth/_756_augmented_image_828.jpg,non_water_hyacinth,test
/content/water_hyacinth_project/dataset/classification/non_water_hyacinth/_522_augmented_image_611.jpg,non_water_hyacinth,test
/content/water_hyacinth_project/dataset/classification/non_water_hyacinth/_896_augmented_image_358.jpg,non_water_hyacinth,test
/content/water_hyacinth_project/dataset/classification/non_water_hyacinth/_752_augmented_image_313.jpg,non_water_hyacinth,test
/content/water_hyacinth_project/dataset/classification/non_water_hyacinth/_61_IMG_20230811_165509.jpg,non_water_hyacinth,test
/content/water_hyacinth_project/dataset/classification/non_water_hyacinth/_432_IMG_20230923_111837.jpg,non_water_hyacinth,test
/content/water_hyacinth_project/dataset/classification/water_hyacinth/_1694_augmented_image_519.jpg,water_hyacinth,test
/content/water_hyacinth_project/dataset/classification/non_water_hyacinth/_249_IMG_20230811_165324_1.jpg,non_water_hyacinth,test
/content/water_hyacinth_project/dataset/classification/non_water_hyacinth/_382_IMG_20230923_101617.jpg,non_water_hyacinth,test
/content/water_hyacinth_project/dataset/classification/non_water_hyacinth/_191_20230818_115001.jpg,non_water_hyacinth,test
/content/water_hyacinth_project/dataset/classification/non_water_hyacinth/_161_IMG_20230923_100341.jpg,non_water_hyacinth,test
/content/water_hyacinth_project/dataset/classification/non_water_hyacinth/_249_20230812_113900.jpg,non_water_hyacinth,test
/content/water_hyacinth_project/dataset/classification/non_water_hyacinth/_815_augmented_image_196.jpg,non_water_hyacinth,test
/content/water_hyacinth_project/dataset/classification/water_hyacinth/_4748_20230812_114934 Background Removed.jpg,water_hyacinth,test
/content/water_hyacinth_project/dataset/classification/water_hyacinth/_561_augmented_image_924.jpg,water_hyacinth,test
/content/water_hyacinth_project/dataset/classification/non_water_hyacinth/_104_augmented_image_99.jpg,non_water_hyacinth,test
/content/water_hyacinth_project/dataset/classification/water_hyacinth/_1211_augmented_image_591.jpg,water_hyacinth,test
/content/water_hyacinth_project/dataset/classification/water_hyacinth/_1087_augmented_image_748.jpg,water_hyacinth,test
/content/water_hyacinth_project/dataset/classification/non_water_hyacinth/_367_augmented_image_599.jpg,non_water_hyacinth,test
/content/water_hyacinth_project/dataset/classification/water_hyacinth/_639_augmented_image_674.jpg,water_hyacinth,test
/content/water_hyacinth_project/dataset/classification/water_hyacinth/_775_augmented_image_764.jpg,water_hyacinth,test
/content/water_hyacinth_project/dataset/classification/non_water_hyacinth/_207_20230818_115038.jpg,non_water_hyacinth,test
/content/water_hyacinth_project/dataset/classification/non_water_hyacinth/_279_augmented_image_27.jpg,non_water_hyacinth,test
/content/water_hyacinth_project/dataset/classification/non_water_hyacinth/_326_augmented_image_44.jpg,non_water_hyacinth,test
/content/water_hyacinth_project/dataset/classification/non_water_hyacinth/_183_IMG_20230814_204746.jpg,non_water_hyacinth,test
/content/water_hyacinth_project/dataset/classification/non_water_hyacinth/_254_IMG_20230923_100917.jpg,non_water_hyacinth,test
/content/water_hyacinth_project/dataset/classification/non_water_hyacinth/_21_20230818_115002.jpg,non_water_hyacinth,test
/content/water_hyacinth_project/dataset/classification/non_water_hyacinth/_172_IMG_20230923_110121.jpg,non_water_hyacinth,test
/content/water_hyacinth_project/dataset/classification/water_hyacinth/_1610_augmented_image_807.jpg,water_hyacinth,test
/content/water_hyacinth_project/dataset/classification/non_water_hyacinth/_921_augmented_image_297.jpg,non_water_hyacinth,test
/content/water_hyacinth_project/dataset/classification/water_hyacinth/_866_augmented_image_517.jpg,water_hyacinth,test
/content/water_hyacinth_project/dataset/classification/non_water_hyacinth/_773_augmented_image_20.jpg,non_water_hyacinth,test
/content/water_hyacinth_project/dataset/classification/non_water_hyacinth/_886_augmented_image_320.jpg,non_water_hyacinth,test
/content/water_hyacinth_project/dataset/classification/non_water_hyacinth/_227_IMG_20230926_173043.jpg,non_water_hyacinth,test
/content/water_hyacinth_project/dataset/classification/non_water_hyacinth/_666_augmented_image_858.jpg,non_water_hyacinth,test
/content/water_hyacinth_project/dataset/classification/non_water_hyacinth/_644_augmented_image_967.jpg,non_water_hyacinth,test
/content/water_hyacinth_project/dataset/classification/non_water_hyacinth/_426_augmented_image_336.jpg,non_water_hyacinth,test
/content/water_hyacinth_project/dataset/classification/water_hyacinth/_59_augmented_image_654.jpg,water_hyacinth,test
/content/water_hyacinth_project/dataset/classification/non_water_hyacinth/_375_augmented_image_849.jpg,non_water_hyacinth,test
/content/water_hyacinth_project/dataset/classification/non_water_hyacinth/_129_IMG_20230926_173134.jpg,non_water_hyacinth,test
/content/water_hyacinth_project/dataset/classification/non_water_hyacinth/_100_IMG_20230923_103514.jpg,non_water_hyacinth,test
/content/water_hyacinth_project/dataset/classification/water_hyacinth/_198_IMG_20230811_171935.jpg,water_hyacinth,test
/content/water_hyacinth_project/dataset/classification/non_water_hyacinth/_480_augmented_image_496.jpg,non_water_hyacinth,test
/content/water_hyacinth_project/dataset/classification/non_water_hyacinth/_676_augmented_image_312.jpg,non_water_hyacinth,test
/content/water_hyacinth_project/dataset/classification/non_water_hyacinth/_646_augmented_image_139.jpg,non_water_hyacinth,test
/content/water_hyacinth_project/dataset/classification/non_water_hyacinth/_116_IMG_20230814_174222.jpg,non_water_hyacinth,test
/content/water_hyacinth_project/dataset/classification/water_hyacinth/_23_augmented_image_451.jpg,water_hyacinth,test
/content/water_hyacinth_project/dataset/classification/non_water_hyacinth/_170_augmented_image_223.jpg,non_water_hyacinth,test
/content/water_hyacinth_project/dataset/classification/non_water_hyacinth/_984_augmented_image_318.jpg,non_water_hyacinth,test
/content/water_hyacinth_project/dataset/classification/non_water_hyacinth/_122_IMG_20230926_173218.jpg,non_water_hyacinth,test
/content/water_hyacinth_project/dataset/classification/non_water_hyacinth/_310_IMG_20230926_173237.jpg,non_water_hyacinth,test
/content/water_hyacinth_project/dataset/classification/non_water_hyacinth/_197_20230818_114707.jpg,non_water_hyacinth,test
/content/water_hyacinth_project/dataset/classification/non_water_hyacinth/_346_IMG_20230811_170356.jpg,non_water_hyacinth,test
/content/water_hyacinth_project/dataset/classification/non_water_hyacinth/_446_20230818_115209.jpg,non_water_hyacinth,test
/content/water_hyacinth_project/dataset/classification/water_hyacinth/_1167_augmented_image_938.jpg,water_hyacinth,test
/content/water_hyacinth_project/dataset/classification/non_water_hyacinth/_13_IMG_20230814_175824.jpg,non_water_hyacinth,test
/content/water_hyacinth_project/dataset/classification/water_hyacinth/_313_20230812_113957 Background Removed.jpg,water_hyacinth,test
/content/water_hyacinth_project/dataset/classification/non_water_hyacinth/_924_augmented_image_116.jpg,non_water_hyacinth,test
/content/water_hyacinth_project/dataset/classification/water_hyacinth/_1378_augmented_image_311.jpg,water_hyacinth,test
/content/water_hyacinth_project/dataset/classification/non_water_hyacinth/_393_augmented_image_685.jpg,non_water_hyacinth,test
/content/water_hyacinth_project/dataset/classification/non_water_hyacinth/_280_augmented_image_2.jpg,non_water_hyacinth,test
/content/water_hyacinth_project/dataset/classification/non_water_hyacinth/_834_augmented_image_219.jpg,non_water_hyacinth,test
/content/water_hyacinth_project/dataset/classification/water_hyacinth/_448_augmented_image_233.jpg,water_hyacinth,test
/content/water_hyacinth_project/dataset/classification/non_water_hyacinth/_192_IMG_20230923_100916.jpg,non_water_hyacinth,test
/content/water_hyacinth_project/dataset/classification/water_hyacinth/_339_IMG_20230805_184858.jpg,water_hyacinth,test
/content/water_hyacinth_project/dataset/classification/non_water_hyacinth/_231_20230818_115304.jpg,non_water_hyacinth,test
/content/water_hyacinth_project/dataset/classification/non_water_hyacinth/_268_20230818_114819.jpg,non_water_hyacinth,test
/content/water_hyacinth_project/dataset/classification/non_water_hyacinth/_122_IMG_20230811_165258.jpg,non_water_hyacinth,test
/content/water_hyacinth_project/dataset/classification/non_water_hyacinth/_68_augmented_image_812.jpg,non_water_hyacinth,test
/content/water_hyacinth_project/dataset/classification/non_water_hyacinth/_148_IMG_20230923_105327.jpg,non_water_hyacinth,test
/content/water_hyacinth_project/dataset/classification/non_water_hyacinth/_265_IMG_20230923_100303.jpg,non_water_hyacinth,test
/content/water_hyacinth_project/dataset/classification/non_water_hyacinth/_258_augmented_image_710.jpg,non_water_hyacinth,test
/content/water_hyacinth_project/dataset/classification/non_water_hyacinth/_657_augmented_image_278.jpg,non_water_hyacinth,test
/content/water_hyacinth_project/dataset/classification/non_water_hyacinth/_33_augmented_image_133.jpg,non_water_hyacinth,test
/content/water_hyacinth_project/dataset/classification/non_water_hyacinth/_762_augmented_image_728.jpg,non_water_hyacinth,test
/content/water_hyacinth_project/dataset/classification/non_water_hyacinth/_200_IMG_20230926_173040.jpg,non_water_hyacinth,test
/content/water_hyacinth_project/dataset/classification/non_water_hyacinth/_250_IMG_20230923_112130.jpg,non_water_hyacinth,test
/content/water_hyacinth_project/dataset/classification/non_water_hyacinth/_205_augmented_image_641.jpg,non_water_hyacinth,test
/content/water_hyacinth_project/dataset/classification/non_water_hyacinth/_170_20230818_112709.jpg,non_water_hyacinth,test
/content/water_hyacinth_project/dataset/classification/non_water_hyacinth/_642_augmented_image_507.jpg,non_water_hyacinth,test
/content/water_hyacinth_project/dataset/classification/non_water_hyacinth/_339_IMG_20230811_165315.jpg,non_water_hyacinth,test
/content/water_hyacinth_project/dataset/classification/non_water_hyacinth/_660_augmented_image_155.jpg,non_water_hyacinth,test
/content/water_hyacinth_project/dataset/classification/non_water_hyacinth/_529_augmented_image_5.jpg,non_water_hyacinth,test
/content/water_hyacinth_project/dataset/classification/non_water_hyacinth/_729_augmented_image_893.jpg,non_water_hyacinth,test
/content/water_hyacinth_project/dataset/classification/non_water_hyacinth/_448_IMG_20230926_173048.jpg,non_water_hyacinth,test
/content/water_hyacinth_project/dataset/classification/non_water_hyacinth/_163_augmented_image_880.jpg,non_water_hyacinth,test
/content/water_hyacinth_project/dataset/classification/non_water_hyacinth/_430_IMG_20230926_173524.jpg,non_water_hyacinth,test
/content/water_hyacinth_project/dataset/classification/non_water_hyacinth/_252_augmented_image_733.jpg,non_water_hyacinth,test
/content/water_hyacinth_project/dataset/classification/water_hyacinth/_4837_IMG_20230805_184903.jpg,water_hyacinth,test
/content/water_hyacinth_project/dataset/classification/non_water_hyacinth/_278_20230818_114807.jpg,non_water_hyacinth,test
/content/water_hyacinth_project/dataset/classification/water_hyacinth/_1772_augmented_image_885.jpg,water_hyacinth,test
/content/water_hyacinth_project/dataset/classification/water_hyacinth/_1743_augmented_image_763.jpg,water_hyacinth,test
/content/water_hyacinth_project/dataset/classification/non_water_hyacinth/_403_augmented_image_915.jpg,non_water_hyacinth,test
/content/water_hyacinth_project/dataset/classification/water_hyacinth/_659_augmented_image_996.jpg,water_hyacinth,test
/content/water_hyacinth_project/dataset/classification/water_hyacinth/_443_augmented_image_279.jpg,water_hyacinth,test
/content/water_hyacinth_project/dataset/classification/non_water_hyacinth/_520_augmented_image_877.jpg,non_water_hyacinth,test
/content/water_hyacinth_project/dataset/classification/non_water_hyacinth/_207_augmented_image_403.jpg,non_water_hyacinth,test
/content/water_hyacinth_project/dataset/classification/water_hyacinth/_4868_20230812_115007 Background Removed.jpg,water_hyacinth,test
/content/water_hyacinth_project/dataset/classification/non_water_hyacinth/_565_augmented_image_235.jpg,non_water_hyacinth,test
/content/water_hyacinth_project/dataset/classification/non_water_hyacinth/_121_IMG_20230811_164546.jpg,non_water_hyacinth,test
/content/water_hyacinth_project/dataset/classification/non_water_hyacinth/_611_augmented_image_971.jpg,non_water_hyacinth,test
/content/water_hyacinth_project/dataset/classification/water_hyacinth/_4777_IMG_20230814_180757.jpg,water_hyacinth,test
/content/water_hyacinth_project/dataset/classification/water_hyacinth/_4822_IMG_20230811_172441.jpg,water_hyacinth,test
/content/water_hyacinth_project/dataset/classification/non_water_hyacinth/_387_augmented_image_391.jpg,non_water_hyacinth,test
/content/water_hyacinth_project/dataset/classification/water_hyacinth/_981_augmented_image_38.jpg,water_hyacinth,test
/content/water_hyacinth_project/dataset/classification/water_hyacinth/_1996_augmented_image_111.jpg,water_hyacinth,test
/content/water_hyacinth_project/dataset/classification/non_water_hyacinth/_7_augmented_image_992.jpg,non_water_hyacinth,test
/content/water_hyacinth_project/dataset/classification/non_water_hyacinth/_1023_augmented_image_811.jpg,non_water_hyacinth,test
/content/water_hyacinth_project/dataset/classification/non_water_hyacinth/_317_augmented_image_1034.jpg,non_water_hyacinth,test
/content/water_hyacinth_project/dataset/classification/non_water_hyacinth/_340_IMG_20230923_105508.jpg,non_water_hyacinth,test
/content/water_hyacinth_project/dataset/classification/water_hyacinth/_287_IMG_20230811_173144.jpg,water_hyacinth,test
/content/water_hyacinth_project/dataset/classification/non_water_hyacinth/_363_IMG_20230926_173530.jpg,non_water_hyacinth,test
/content/water_hyacinth_project/dataset/classification/non_water_hyacinth/_205_IMG_20230814_175827.jpg,non_water_hyacinth,test
/content/water_hyacinth_project/dataset/classification/non_water_hyacinth/_858_augmented_image_627.jpg,non_water_hyacinth,test
/content/water_hyacinth_project/dataset/classification/non_water_hyacinth/_203_IMG_20230814_175818.jpg,non_water_hyacinth,test
/content/water_hyacinth_project/dataset/classification/non_water_hyacinth/_885_augmented_image_114.jpg,non_water_hyacinth,test
/content/water_hyacinth_project/dataset/classification/non_water_hyacinth/_264_augmented_image_187.jpg,non_water_hyacinth,test
/content/water_hyacinth_project/dataset/classification/non_water_hyacinth/_772_augmented_image_194.jpg,non_water_hyacinth,test
/content/water_hyacinth_project/dataset/classification/non_water_hyacinth/_338_20230818_114904.jpg,non_water_hyacinth,test
/content/water_hyacinth_project/dataset/classification/water_hyacinth/_532_augmented_image_667.jpg,water_hyacinth,test
/content/water_hyacinth_project/dataset/classification/non_water_hyacinth/_843_augmented_image_808.jpg,non_water_hyacinth,test
/content/water_hyacinth_project/dataset/classification/non_water_hyacinth/_53_IMG_20230926_173141.jpg,non_water_hyacinth,test
/content/water_hyacinth_project/dataset/classification/water_hyacinth/_1240_augmented_image_575.jpg,water_hyacinth,test
/content/water_hyacinth_project/dataset/classification/non_water_hyacinth/_77_augmented_image_822.jpg,non_water_hyacinth,test
/content/water_hyacinth_project/dataset/classification/water_hyacinth/_194_IMG_20230805_185332.jpg,water_hyacinth,test
/content/water_hyacinth_project/dataset/classification/non_water_hyacinth/_1049_augmented_image_236.jpg,non_water_hyacinth,test
/content/water_hyacinth_project/dataset/classification/non_water_hyacinth/_828_augmented_image_614.jpg,non_water_hyacinth,test
/content/water_hyacinth_project/dataset/classification/water_hyacinth/_515_augmented_image_855.jpg,water_hyacinth,test
/content/water_hyacinth_project/dataset/classification/non_water_hyacinth/_22_IMG_20230926_173718.jpg,non_water_hyacinth,test
/content/water_hyacinth_project/dataset/classification/non_water_hyacinth/_500_augmented_image_202.jpg,non_water_hyacinth,test
/content/water_hyacinth_project/dataset/classification/water_hyacinth/_450_augmented_image_475.jpg,water_hyacinth,test
/content/water_hyacinth_project/dataset/classification/water_hyacinth/_4702_IMG_20230804_090414.jpg,water_hyacinth,test
/content/water_hyacinth_project/dataset/classification/water_hyacinth/_1653_augmented_image_829.jpg,water_hyacinth,test
/content/water_hyacinth_project/dataset/classification/water_hyacinth/_255_augmented_image_735.jpg,water_hyacinth,test
/content/water_hyacinth_project/dataset/classification/water_hyacinth/_521_augmented_image_350.jpg,water_hyacinth,test
/content/water_hyacinth_project/dataset/classification/water_hyacinth/_1900_augmented_image_556.jpg,water_hyacinth,test
/content/water_hyacinth_project/dataset/classification/non_water_hyacinth/_996_augmented_image_786.jpg,non_water_hyacinth,test
/content/water_hyacinth_project/dataset/classification/non_water_hyacinth/_1021_augmented_image_514.jpg,non_water_hyacinth,test
/content/water_hyacinth_project/dataset/classification/non_water_hyacinth/_246_IMG_20230811_165136.jpg,non_water_hyacinth,test
/content/water_hyacinth_project/dataset/classification/water_hyacinth/_1154_augmented_image_869.jpg,water_hyacinth,test
/content/water_hyacinth_project/dataset/classification/non_water_hyacinth/_1008_augmented_image_10.jpg,non_water_hyacinth,test
/content/water_hyacinth_project/dataset/classification/non_water_hyacinth/_31_20230818_112651.jpg,non_water_hyacinth,test
/content/water_hyacinth_project/dataset/classification/non_water_hyacinth/_93_IMG_20230923_101625.jpg,non_water_hyacinth,test
/content/water_hyacinth_project/dataset/classification/non_water_hyacinth/_338_augmented_image_790.jpg,non_water_hyacinth,test
/content/water_hyacinth_project/dataset/classification/water_hyacinth/_223_IMG_20230805_183343.jpg,water_hyacinth,test
/content/water_hyacinth_project/dataset/classification/non_water_hyacinth/_634_augmented_image_831.jpg,non_water_hyacinth,test
/content/water_hyacinth_project/dataset/classification/water_hyacinth/_311_IMG_20230804_090633.jpg,water_hyacinth,test
/content/water_hyacinth_project/dataset/classification/water_hyacinth/_294_IMG_20230814_210203.jpg,water_hyacinth,test
/content/water_hyacinth_project/dataset/classification/water_hyacinth/_101_IMG_20230805_183755.jpg,water_hyacinth,test
/content/water_hyacinth_project/dataset/classification/non_water_hyacinth/_33_IMG_20230923_111728.jpg,non_water_hyacinth,test
/content/water_hyacinth_project/dataset/classification/water_hyacinth/_385_IMG_20230811_163341.jpg,water_hyacinth,test
/content/water_hyacinth_project/dataset/classification/non_water_hyacinth/_240_IMG_20230814_203158.jpg,non_water_hyacinth,test
/content/water_hyacinth_project/dataset/classification/non_water_hyacinth/_361_IMG_20230923_112356.jpg,non_water_hyacinth,test
/content/water_hyacinth_project/dataset/classification/water_hyacinth/_1664_augmented_image_765.jpg,water_hyacinth,test
/content/water_hyacinth_project/dataset/classification/non_water_hyacinth/_285_20230818_113859.jpg,non_water_hyacinth,test
/content/water_hyacinth_project/dataset/classification/non_water_hyacinth/_235_IMG_20230814_203906.jpg,non_water_hyacinth,test
/content/water_hyacinth_project/dataset/classification/water_hyacinth/_932_augmented_image_784.jpg,water_hyacinth,test
/content/water_hyacinth_project/dataset/classification/water_hyacinth/_1259_augmented_image_476.jpg,water_hyacinth,test
/content/water_hyacinth_project/dataset/classification/non_water_hyacinth/_204_IMG_20230814_175914.jpg,non_water_hyacinth,test
/content/water_hyacinth_project/dataset/classification/non_water_hyacinth/_1028_augmented_image_541.jpg,non_water_hyacinth,test
/content/water_hyacinth_project/dataset/classification/non_water_hyacinth/_83_IMG_20230811_170829.jpg,non_water_hyacinth,test
/content/water_hyacinth_project/dataset/classification/water_hyacinth/_4562_IMG_20230805_182245 Background Removed.jpg,water_hyacinth,test
/content/water_hyacinth_project/dataset/classification/non_water_hyacinth/_247_IMG_20230923_101203.jpg,non_water_hyacinth,test
/content/water_hyacinth_project/dataset/classification/non_water_hyacinth/_101_IMG_20230811_170221.jpg,non_water_hyacinth,test
/content/water_hyacinth_project/dataset/classification/water_hyacinth/_238_IMG_20230811_165441.jpg,water_hyacinth,test
/content/water_hyacinth_project/dataset/classification/water_hyacinth/_1778_augmented_image_582.jpg,water_hyacinth,test
/content/water_hyacinth_project/dataset/classification/water_hyacinth/_920_augmented_image_167.jpg,water_hyacinth,test
/content/water_hyacinth_project/dataset/classification/non_water_hyacinth/_673_augmented_image_980.jpg,non_water_hyacinth,test
/content/water_hyacinth_project/dataset/classification/non_water_hyacinth/_51_IMG_20230811_164508.jpg,non_water_hyacinth,test
/content/water_hyacinth_project/dataset/classification/water_hyacinth/_210_IMG_20230814_210636 - Copy.jpg,water_hyacinth,test
/content/water_hyacinth_project/dataset/classification/water_hyacinth/_502_augmented_image_709.jpg,water_hyacinth,test
/content/water_hyacinth_project/dataset/classification/non_water_hyacinth/_456_augmented_image_661.jpg,non_water_hyacinth,test
/content/water_hyacinth_project/dataset/classification/non_water_hyacinth/_128_IMG_20230923_101050.jpg,non_water_hyacinth,test
/content/water_hyacinth_project/dataset/classification/non_water_hyacinth/_132_augmented_image_533.jpg,non_water_hyacinth,test
/content/water_hyacinth_project/dataset/classification/water_hyacinth/_1814_augmented_image_979.jpg,water_hyacinth,test
/content/water_hyacinth_project/dataset/classification/non_water_hyacinth/_241_IMG_20230814_203815.jpg,non_water_hyacinth,test
/content/water_hyacinth_project/dataset/classification/water_hyacinth/_1002_augmented_image_608.jpg,water_hyacinth,test
/content/water_hyacinth_project/dataset/classification/water_hyacinth/_489_augmented_image_12.jpg,water_hyacinth,test
/content/water_hyacinth_project/dataset/classification/non_water_hyacinth/_173_augmented_image_62.jpg,non_water_hyacinth,test
/content/water_hyacinth_project/dataset/classification/water_hyacinth/_1542_augmented_image_576.jpg,water_hyacinth,test
/content/water_hyacinth_project/dataset/classification/water_hyacinth/_389_IMG_20230811_163346.jpg,water_hyacinth,test
/content/water_hyacinth_project/dataset/classification/non_water_hyacinth/_427_IMG_20230923_105652.jpg,non_water_hyacinth,test
/content/water_hyacinth_project/dataset/classification/non_water_hyacinth/_468_20230818_115131.jpg,non_water_hyacinth,test
/content/water_hyacinth_project/dataset/classification/water_hyacinth/_4564_IMG_20230811_173128.jpg,water_hyacinth,test
/content/water_hyacinth_project/dataset/classification/non_water_hyacinth/_396_IMG_20230811_165316.jpg,non_water_hyacinth,test
/content/water_hyacinth_project/dataset/classification/non_water_hyacinth/_650_augmented_image_625.jpg,non_water_hyacinth,test
/content/water_hyacinth_project/dataset/classification/non_water_hyacinth/_379_20230818_115037.jpg,non_water_hyacinth,test
/content/water_hyacinth_project/dataset/classification/non_water_hyacinth/_107_IMG_20230923_101555.jpg,non_water_hyacinth,test
/content/water_hyacinth_project/dataset/classification/non_water_hyacinth/_751_augmented_image_199.jpg,non_water_hyacinth,test
/content/water_hyacinth_project/dataset/classification/water_hyacinth/_1001_augmented_image_231.jpg,water_hyacinth,test
/content/water_hyacinth_project/dataset/classification/non_water_hyacinth/_92_augmented_image_521.jpg,non_water_hyacinth,test
/content/water_hyacinth_project/dataset/classification/water_hyacinth/_331_augmented_image_222.jpg,water_hyacinth,test
/content/water_hyacinth_project/dataset/classification/non_water_hyacinth/_281_augmented_image_1046.jpg,non_water_hyacinth,test
/content/water_hyacinth_project/dataset/classification/non_water_hyacinth/_200_augmented_image_483.jpg,non_water_hyacinth,test
/content/water_hyacinth_project/dataset/classification/non_water_hyacinth/_15_IMG_20230811_163722.jpg,non_water_hyacinth,test
/content/water_hyacinth_project/dataset/classification/non_water_hyacinth/_84_20230818_114757.jpg,non_water_hyacinth,test
/content/water_hyacinth_project/dataset/classification/water_hyacinth/_1810_augmented_image_818.jpg,water_hyacinth,test
/content/water_hyacinth_project/dataset/classification/non_water_hyacinth/_132_augmented_image_308.jpg,non_water_hyacinth,test
/content/water_hyacinth_project/dataset/classification/water_hyacinth/_423_augmented_image_944.jpg,water_hyacinth,test
/content/water_hyacinth_project/dataset/classification/water_hyacinth/_701_augmented_image_153.jpg,water_hyacinth,test
/content/water_hyacinth_project/dataset/classification/water_hyacinth/_17_IMG_20230811_171915.jpg,water_hyacinth,test
/content/water_hyacinth_project/dataset/classification/non_water_hyacinth/_36_IMG_20230926_173055.jpg,non_water_hyacinth,test
/content/water_hyacinth_project/dataset/classification/non_water_hyacinth/_402_IMG_20230811_163651.jpg,non_water_hyacinth,test
/content/water_hyacinth_project/dataset/classification/non_water_hyacinth/_430_augmented_image_700.jpg,non_water_hyacinth,test
/content/water_hyacinth_project/dataset/classification/water_hyacinth/_165_augmented_image_266.jpg,water_hyacinth,test
/content/water_hyacinth_project/dataset/classification/water_hyacinth/_4948_IMG_20230814_210144.jpg,water_hyacinth,test
/content/water_hyacinth_project/dataset/classification/non_water_hyacinth/_325_augmented_image_935.jpg,non_water_hyacinth,test
/content/water_hyacinth_project/dataset/classification/non_water_hyacinth/_361_augmented_image_513.jpg,non_water_hyacinth,test
/content/water_hyacinth_project/dataset/classification/water_hyacinth/_992_augmented_image_309.jpg,water_hyacinth,test
/content/water_hyacinth_project/dataset/classification/non_water_hyacinth/_518_augmented_image_965.jpg,non_water_hyacinth,test
/content/water_hyacinth_project/dataset/classification/non_water_hyacinth/_234_augmented_image_180.jpg,non_water_hyacinth,test
/content/water_hyacinth_project/dataset/classification/non_water_hyacinth/_177_IMG_20230923_103123.jpg,non_water_hyacinth,test
/content/water_hyacinth_project/dataset/classification/non_water_hyacinth/_227_IMG_20230814_204300.jpg,non_water_hyacinth,test
/content/water_hyacinth_project/dataset/classification/non_water_hyacinth/_905_augmented_image_394.jpg,non_water_hyacinth,test
/content/water_hyacinth_project/dataset/classification/non_water_hyacinth/_358_IMG_20230923_112333.jpg,non_water_hyacinth,test
/content/water_hyacinth_project/dataset/classification/non_water_hyacinth/_604_augmented_image_183.jpg,non_water_hyacinth,test
/content/water_hyacinth_project/dataset/classification/non_water_hyacinth/_220_20230812_114111.jpg,non_water_hyacinth,test
/content/water_hyacinth_project/dataset/classification/non_water_hyacinth/_802_augmented_image_801.jpg,non_water_hyacinth,test
/content/water_hyacinth_project/dataset/classification/water_hyacinth/_52_augmented_image_227.jpg,water_hyacinth,test
/content/water_hyacinth_project/dataset/classification/non_water_hyacinth/_470_augmented_image_243.jpg,non_water_hyacinth,test
/content/water_hyacinth_project/dataset/classification/water_hyacinth/_150_augmented_image_446.jpg,water_hyacinth,test
/content/water_hyacinth_project/dataset/classification/non_water_hyacinth/_434_IMG_20230811_165143.jpg,non_water_hyacinth,test
/content/water_hyacinth_project/dataset/classification/non_water_hyacinth/_252_augmented_image_603.jpg,non_water_hyacinth,test
/content/water_hyacinth_project/dataset/classification/non_water_hyacinth/_265_augmented_image_759.jpg,non_water_hyacinth,test
/content/water_hyacinth_project/dataset/classification/non_water_hyacinth/_498_augmented_image_468.jpg,non_water_hyacinth,test
/content/water_hyacinth_project/dataset/classification/non_water_hyacinth/_389_20230818_113815.jpg,non_water_hyacinth,test
/content/water_hyacinth_project/dataset/classification/non_water_hyacinth/_692_augmented_image_988.jpg,non_water_hyacinth,test
/content/water_hyacinth_project/dataset/classification/non_water_hyacinth/_761_augmented_image_302.jpg,non_water_hyacinth,test
/content/water_hyacinth_project/dataset/classification/water_hyacinth/_956_augmented_image_377.jpg,water_hyacinth,test
/content/water_hyacinth_project/dataset/classification/water_hyacinth/_1559_augmented_image_107.jpg,water_hyacinth,test
/content/water_hyacinth_project/dataset/classification/non_water_hyacinth/_317_IMG_20230811_165138.jpg,non_water_hyacinth,test
/content/water_hyacinth_project/dataset/classification/water_hyacinth/_231_20230812_115006(0) Background Removed.jpg,water_hyacinth,test
/content/water_hyacinth_project/dataset/classification/non_water_hyacinth/_447_20230818_115021.jpg,non_water_hyacinth,test
/content/water_hyacinth_project/dataset/classification/non_water_hyacinth/_185_augmented_image_370.jpg,non_water_hyacinth,test
/content/water_hyacinth_project/dataset/classification/non_water_hyacinth/_68_IMG_20230811_170101.jpg,non_water_hyacinth,test
/content/water_hyacinth_project/dataset/classification/water_hyacinth/_4585_IMG_20230814_180631.jpg,water_hyacinth,test
/content/water_hyacinth_project/dataset/classification/non_water_hyacinth/_249_IMG_20230923_111634.jpg,non_water_hyacinth,test
/content/water_hyacinth_project/dataset/classification/non_water_hyacinth/_232_augmented_image_282.jpg,non_water_hyacinth,test
/content/water_hyacinth_project/dataset/classification/non_water_hyacinth/_417_IMG_20230923_105726.jpg,non_water_hyacinth,test
/content/water_hyacinth_project/dataset/classification/water_hyacinth/_635_augmented_image_404.jpg,water_hyacinth,test
/content/water_hyacinth_project/dataset/classification/water_hyacinth/_793_augmented_image_635.jpg,water_hyacinth,test
/content/water_hyacinth_project/dataset/classification/water_hyacinth/_1233_augmented_image_174.jpg,water_hyacinth,test
/content/water_hyacinth_project/dataset/classification/non_water_hyacinth/_80_20230811_211457.jpg,non_water_hyacinth,test
/content/water_hyacinth_project/dataset/classification/non_water_hyacinth/_218_20230811_211210.jpg,non_water_hyacinth,test
/content/water_hyacinth_project/dataset/classification/non_water_hyacinth/_452_IMG_20230814_202548.jpg,non_water_hyacinth,test
/content/water_hyacinth_project/dataset/classification/non_water_hyacinth/_734_augmented_image_660.jpg,non_water_hyacinth,test
/content/water_hyacinth_project/dataset/classification/non_water_hyacinth/_128_IMG_20230811_170842.jpg,non_water_hyacinth,test
/content/water_hyacinth_project/dataset/classification/non_water_hyacinth/_385_augmented_image_510.jpg,non_water_hyacinth,test
/content/water_hyacinth_project/dataset/classification/non_water_hyacinth/_611_augmented_image_437.jpg,non_water_hyacinth,test
/content/water_hyacinth_project/dataset/classification/water_hyacinth/_1577_augmented_image_672.jpg,water_hyacinth,test
/content/water_hyacinth_project/dataset/classification/non_water_hyacinth/_858_augmented_image_827.jpg,non_water_hyacinth,test
/content/water_hyacinth_project/dataset/classification/non_water_hyacinth/_214_IMG_20230923_111904.jpg,non_water_hyacinth,test
/content/water_hyacinth_project/dataset/classification/non_water_hyacinth/_273_augmented_image_80.jpg,non_water_hyacinth,test
/content/water_hyacinth_project/dataset/classification/water_hyacinth/_374_augmented_image_554.jpg,water_hyacinth,test
/content/water_hyacinth_project/dataset/classification/non_water_hyacinth/_105_augmented_image_427.jpg,non_water_hyacinth,test
/content/water_hyacinth_project/dataset/classification/water_hyacinth/_305_IMG_20230805_185140.jpg,water_hyacinth,test
/content/water_hyacinth_project/dataset/classification/non_water_hyacinth/_688_augmented_image_746.jpg,non_water_hyacinth,test
/content/water_hyacinth_project/dataset/classification/non_water_hyacinth/_232_IMG_20230811_170412.jpg,non_water_hyacinth,test
/content/water_hyacinth_project/dataset/classification/non_water_hyacinth/_416_augmented_image_73.jpg,non_water_hyacinth,test
/content/water_hyacinth_project/dataset/classification/non_water_hyacinth/_73_augmented_image_853.jpg,non_water_hyacinth,test
/content/water_hyacinth_project/dataset/classification/non_water_hyacinth/_288_IMG_20230923_100322.jpg,non_water_hyacinth,test
/content/water_hyacinth_project/dataset/classification/non_water_hyacinth/_265_20230818_114920.jpg,non_water_hyacinth,test
/content/water_hyacinth_project/dataset/classification/non_water_hyacinth/_153_IMG_20230923_105827.jpg,non_water_hyacinth,test
/content/water_hyacinth_project/dataset/classification/non_water_hyacinth/_877_augmented_image_181.jpg,non_water_hyacinth,test
/content/water_hyacinth_project/dataset/classification/water_hyacinth/_204_IMG_20230805_184945.jpg,water_hyacinth,test
/content/water_hyacinth_project/dataset/classification/non_water_hyacinth/_471_augmented_image_584.jpg,non_water_hyacinth,test
/content/water_hyacinth_project/dataset/classification/water_hyacinth/_4924_IMG_20230805_183623.jpg,water_hyacinth,test
/content/water_hyacinth_project/dataset/classification/non_water_hyacinth/_130_20230811_211255.jpg,non_water_hyacinth,test
/content/water_hyacinth_project/dataset/classification/non_water_hyacinth/_371_IMG_20230923_101205.jpg,non_water_hyacinth,test
